urg,bairro,zona_fiscal,faixa_area,area_min,area_max,valor_ufinig_m2
CENTRO,CENTRO,1,até 500 m²,0.0,500.0,3.347
CENTRO,CENTRO,1,"500,01 a 1.500 m²",500.01,1500.0,2.343
CENTRO,CENTRO,1,"1.500,01 a 5.000 m²",1500.01,5000.0,1.64
CENTRO,CENTRO,1,"5.000,01 a 20.000 m²",5000.01,20000.0,0.984
CENTRO,CENTRO,1,"20.000,01 a 50.000 m²",20000.01,50000.0,0.689
CENTRO,CENTRO,1,"50.000,01 a 100.000 m²",50000.01,100000.0,0.482
CENTRO,CENTRO,1,"100.000,01 a 500.000 m²",100000.01,500000.0,0.386
CENTRO,CENTRO,1,"500.000,01 a 1.000.000 m²",500000.01,1000000.0,0.309
CENTRO,CENTRO,1,acima de  1.000.000 m²,1000000.0,,0.247
CENTRO,CENTRO,2,até 500 m²,0.0,500.0,3.347
CENTRO,CENTRO,2,"500,01 a 1.500 m²",500.01,1500.0,2.343
CENTRO,CENTRO,2,"1.500,01 a 5.000 m²",1500.01,5000.0,1.64
CENTRO,CENTRO,2,"5.000,01 a 20.000 m²",5000.01,20000.0,0.984
CENTRO,CENTRO,2,"20.000,01 a 50.000 m²",20000.01,50000.0,0.689
CENTRO,CENTRO,2,"50.000,01 a 100.000 m²",50000.01,100000.0,0.482
CENTRO,CENTRO,2,"100.000,01 a 500.000 m²",100000.01,500000.0,0.386
CENTRO,CENTRO,2,"500.000,01 a 1.000.000 m²",500000.01,1000000.0,0.309
CENTRO,CENTRO,2,acima de  1.000.000 m²,1000000.0,,0.247
CENTRO,CENTRO,3,até 500 m²,0.0,500.0,3.347
CENTRO,CENTRO,3,"500,01 a 1.500 m²",500.01,1500.0,2.343
CENTRO,CENTRO,3,"1.500,01 a 5.000 m²",1500.01,5000.0,1.64
CENTRO,CENTRO,3,"5.000,01 a 20.000 m²",5000.01,20000.0,0.984
CENTRO,CENTRO,3,"20.000,01 a 50.000 m²",20000.01,50000.0,0.689
CENTRO,CENTRO,3,"50.000,01 a 100.000 m²",50000.01,100000.0,0.482
CENTRO,CENTRO,3,"100.000,01 a 500.000 m²",100000.01,500000.0,0.386
CENTRO,CENTRO,3,"500.000,01 a 1.000.000 m²",500000.01,1000000.0,0.309
CENTRO,CENTRO,3,acima de  1.000.000 m²,1000000.0,,0.247
CENTRO,CENTRO,4,até 500 m²,0.0,500.0,3.347
CENTRO,CENTRO,4,"500,01 a 1.500 m²",500.01,1500.0,2.343
CENTRO,CENTRO,4,"1.500,01 a 5.000 m²",1500.01,5000.0,1.64
CENTRO,CENTRO,4,"5.000,01 a 20.000 m²",5000.01,20000.0,0.984
CENTRO,CENTRO,4,"20.000,01 a 50.000 m²",20000.01,50000.0,0.689
CENTRO,CENTRO,4,"50.000,01 a 100.000 m²",50000.01,100000.0,0.482
CENTRO,CENTRO,4,"100.000,01 a 500.000 m²",100000.01,500000.0,0.386
CENTRO,CENTRO,4,"500.000,01 a 1.000.000 m²",500000.01,1000000.0,0.309
CENTRO,CENTRO,4,acima de  1.000.000 m²,1000000.0,,0.247
CENTRO,CENTRO,5,até 500 m²,0.0,500.0,2.0082
CENTRO,CENTRO,5,"500,01 a 1.500 m²",500.01,1500.0,1.4058
CENTRO,CENTRO,5,"1.500,01 a 5.000 m²",1500.01,5000.0,0.984
CENTRO,CENTRO,5,"5.000,01 a 20.000 m²",5000.01,20000.0,0.984
CENTRO,CENTRO,5,"20.000,01 a 50.000 m²",20000.01,50000.0,0.689
CENTRO,CENTRO,5,"50.000,01 a 100.000 m²",50000.01,100000.0,0.482
CENTRO,CENTRO,5,"100.000,01 a 500.000 m²",100000.01,500000.0,0.386
CENTRO,CENTRO,5,"500.000,01 a 1.000.000 m²",500000.01,1000000.0,0.309
CENTRO,CENTRO,5,acima de  1.000.000 m²,1000000.0,,0.247
CENTRO,CAONZE,1,até 500 m²,0.0,500.0,2.008
CENTRO,CAONZE,1,"500,01 a 1.500 m²",500.01,1500.0,1.406
CENTRO,CAONZE,1,"1.500,01 a 5.000 m²",1500.01,5000.0,0.984
CENTRO,CAONZE,1,"5.000,01 a 20.000 m²",5000.01,20000.0,0.59
CENTRO,CAONZE,1,"20.000,01 a 50.000 m²",20000.01,50000.0,0.413
CENTRO,CAONZE,1,"50.000,01 a 100.000 m²",50000.01,100000.0,0.289
CENTRO,CAONZE,1,"100.000,01 a 500.000 m²",100000.01,500000.0,0.231
CENTRO,CAONZE,1,"500.000,01 a 1.000.000 m²",500000.01,1000000.0,0.185
CENTRO,CAONZE,1,acima de  1.000.000 m²,1000000.0,,0.148
CENTRO,CAONZE,2,até 500 m²,0.0,500.0,1.506
CENTRO,CAONZE,2,"500,01 a 1.500 m²",500.01,1500.0,1.0545
CENTRO,CAONZE,2,"1.500,01 a 5.000 m²",1500.01,5000.0,0.738
CENTRO,CAONZE,2,"5.000,01 a 20.000 m²",5000.01,20000.0,0.59
CENTRO,CAONZE,2,"20.000,01 a 50.000 m²",20000.01,50000.0,0.413
CENTRO,CAONZE,2,"50.000,01 a 100.000 m²",50000.01,100000.0,0.289
CENTRO,CAONZE,2,"100.000,01 a 500.000 m²",100000.01,500000.0,0.231
CENTRO,CAONZE,2,"500.000,01 a 1.000.000 m²",500000.01,1000000.0,0.185
CENTRO,CAONZE,2,acima de  1.000.000 m²,1000000.0,,0.148
CENTRO,CALIFORNIA,1,até 500 m²,0.0,500.0,2.008
CENTRO,CALIFORNIA,1,"500,01 a 1.500 m²",500.01,1500.0,1.406
CENTRO,CALIFORNIA,1,"1.500,01 a 5.000 m²",1500.01,5000.0,0.984
CENTRO,CALIFORNIA,1,"5.000,01 a 20.000 m²",5000.01,20000.0,0.59
CENTRO,CALIFORNIA,1,"20.000,01 a 50.000 m²",20000.01,50000.0,0.413
CENTRO,CALIFORNIA,1,"50.000,01 a 100.000 m²",50000.01,100000.0,0.289
CENTRO,CALIFORNIA,1,"100.000,01 a 500.000 m²",100000.01,500000.0,0.231
CENTRO,CALIFORNIA,1,"500.000,01 a 1.000.000 m²",500000.01,1000000.0,0.185
CENTRO,CALIFORNIA,1,acima de  1.000.000 m²,1000000.0,,0.148
CENTRO,CALIFORNIA,2,até 500 m²,0.0,500.0,2.008
CENTRO,CALIFORNIA,2,"500,01 a 1.500 m²",500.01,1500.0,1.406
CENTRO,CALIFORNIA,2,"1.500,01 a 5.000 m²",1500.01,5000.0,0.984
CENTRO,CALIFORNIA,2,"5.000,01 a 20.000 m²",5000.01,20000.0,0.59
CENTRO,CALIFORNIA,2,"20.000,01 a 50.000 m²",20000.01,50000.0,0.413
CENTRO,CALIFORNIA,2,"50.000,01 a 100.000 m²",50000.01,100000.0,0.289
CENTRO,CALIFORNIA,2,"100.000,01 a 500.000 m²",100000.01,500000.0,0.231
CENTRO,CALIFORNIA,2,"500.000,01 a 1.000.000 m²",500000.01,1000000.0,0.185
CENTRO,CALIFORNIA,2,acima de  1.000.000 m²,1000000.0,,0.148
CENTRO,DA LUZ,1,até 500 m²,0.0,500.0,2.008
CENTRO,DA LUZ,1,"500,01 a 1.500 m²",500.01,1500.0,1.406
CENTRO,DA LUZ,1,"1.500,01 a 5.000 m²",1500.01,5000.0,0.984
CENTRO,DA LUZ,1,"5.000,01 a 20.000 m²",5000.01,20000.0,0.59
CENTRO,DA LUZ,1,"20.000,01 a 50.000 m²",20000.01,50000.0,0.413
CENTRO,DA LUZ,1,"50.000,01 a 100.000 m²",50000.01,100000.0,0.289
CENTRO,DA LUZ,1,"100.000,01 a 500.000 m²",100000.01,500000.0,0.231
CENTRO,DA LUZ,1,"500.000,01 a 1.000.000 m²",500000.01,1000000.0,0.185
CENTRO,DA LUZ,1,acima de  1.000.000 m²,1000000.0,,0.148
CENTRO,DA LUZ,2,até 500 m²,0.0,500.0,2.008
CENTRO,DA LUZ,2,"500,01 a 1.500 m²",500.01,1500.0,1.406
CENTRO,DA LUZ,2,"1.500,01 a 5.000 m²",1500.01,5000.0,0.984
CENTRO,DA LUZ,2,"5.000,01 a 20.000 m²",5000.01,20000.0,0.59
CENTRO,DA LUZ,2,"20.000,01 a 50.000 m²",20000.01,50000.0,0.413
CENTRO,DA LUZ,2,"50.000,01 a 100.000 m²",50000.01,100000.0,0.289
CENTRO,DA LUZ,2,"100.000,01 a 500.000 m²",100000.01,500000.0,0.231
CENTRO,DA LUZ,2,"500.000,01 a 1.000.000 m²",500000.01,1000000.0,0.185
CENTRO,DA LUZ,2,acima de  1.000.000 m²,1000000.0,,0.148
CENTRO,DA LUZ,3,até 500 m²,0.0,500.0,2.008
CENTRO,DA LUZ,3,"500,01 a 1.500 m²",500.01,1500.0,1.406
CENTRO,DA LUZ,3,"1.500,01 a 5.000 m²",1500.01,5000.0,0.984
CENTRO,DA LUZ,3,"5.000,01 a 20.000 m²",5000.01,20000.0,0.59
CENTRO,DA LUZ,3,"20.000,01 a 50.000 m²",20000.01,50000.0,0.413
CENTRO,DA LUZ,3,"50.000,01 a 100.000 m²",50000.01,100000.0,0.289
CENTRO,DA LUZ,3,"100.000,01 a 500.000 m²",100000.01,500000.0,0.231
CENTRO,DA LUZ,3,"500.000,01 a 1.000.000 m²",500000.01,1000000.0,0.185
CENTRO,DA LUZ,3,acima de  1.000.000 m²,1000000.0,,0.148
CENTRO,DA LUZ,4,até 500 m²,0.0,500.0,2.008
CENTRO,DA LUZ,4,"500,01 a 1.500 m²",500.01,1500.0,1.406
CENTRO,DA LUZ,4,"1.500,01 a 5.000 m²",1500.01,5000.0,0.984
CENTRO,DA LUZ,4,"5.000,01 a 20.000 m²",5000.01,20000.0,0.59
CENTRO,DA LUZ,4,"20.000,01 a 50.000 m²",20000.01,50000.0,0.413
CENTRO,DA LUZ,4,"50.000,01 a 100.000 m²",50000.01,100000.0,0.289
CENTRO,DA LUZ,4,"100.000,01 a 500.000 m²",100000.01,500000.0,0.231
CENTRO,DA LUZ,4,"500.000,01 a 1.000.000 m²",500000.01,1000000.0,0.185
CENTRO,DA LUZ,4,acima de  1.000.000 m²,1000000.0,,0.148
CENTRO,DA LUZ,5,até 500 m²,0.0,500.0,2.008
CENTRO,DA LUZ,5,"500,01 a 1.500 m²",500.01,1500.0,1.406
CENTRO,DA LUZ,5,"1.500,01 a 5.000 m²",1500.01,5000.0,0.984
CENTRO,DA LUZ,5,"5.000,01 a 20.000 m²",5000.01,20000.0,0.59
CENTRO,DA LUZ,5,"20.000,01 a 50.000 m²",20000.01,50000.0,0.413
CENTRO,DA LUZ,5,"50.000,01 a 100.000 m²",50000.01,100000.0,0.289
CENTRO,DA LUZ,5,"100.000,01 a 500.000 m²",100000.01,500000.0,0.231
CENTRO,DA LUZ,5,"500.000,01 a 1.000.000 m²",500000.01,1000000.0,0.185
CENTRO,DA LUZ,5,acima de  1.000.000 m²,1000000.0,,0.148
CENTRO,DA LUZ,6,até 500 m²,0.0,500.0,1.506
CENTRO,DA LUZ,6,"500,01 a 1.500 m²",500.01,1500.0,1.0545
CENTRO,DA LUZ,6,"1.500,01 a 5.000 m²",1500.01,5000.0,0.738
CENTRO,DA LUZ,6,"5.000,01 a 20.000 m²",5000.01,20000.0,0.59
CENTRO,DA LUZ,6,"20.000,01 a 50.000 m²",20000.01,50000.0,0.413
CENTRO,DA LUZ,6,"50.000,01 a 100.000 m²",50000.01,100000.0,0.289
CENTRO,DA LUZ,6,"100.000,01 a 500.000 m²",100000.01,500000.0,0.231
CENTRO,DA LUZ,6,"500.000,01 a 1.000.000 m²",500000.01,1000000.0,0.185
CENTRO,DA LUZ,6,acima de  1.000.000 m²,1000000.0,,0.148
CENTRO,RANCHO NOVO,1,até 500 m²,0.0,500.0,1.673
CENTRO,RANCHO NOVO,1,"500,01 a 1.500 m²",500.01,1500.0,1.171
CENTRO,RANCHO NOVO,1,"1.500,01 a 5.000 m²",1500.01,5000.0,0.82
CENTRO,RANCHO NOVO,1,"5.000,01 a 20.000 m²",5000.01,20000.0,0.492
CENTRO,RANCHO NOVO,1,"20.000,01 a 50.000 m²",20000.01,50000.0,0.344
CENTRO,RANCHO NOVO,1,"50.000,01 a 100.000 m²",50000.01,100000.0,0.241
CENTRO,RANCHO NOVO,1,"100.000,01 a 500.000 m²",100000.01,500000.0,0.193
CENTRO,RANCHO NOVO,1,"500.000,01 a 1.000.000 m²",500000.01,1000000.0,0.154
CENTRO,RANCHO NOVO,1,acima de  1.000.000 m²,1000000.0,,0.123
CENTRO,RANCHO NOVO,2,até 500 m²,0.0,500.0,1.673
CENTRO,RANCHO NOVO,2,"500,01 a 1.500 m²",500.01,1500.0,1.171
CENTRO,RANCHO NOVO,2,"1.500,01 a 5.000 m²",1500.01,5000.0,0.82
CENTRO,RANCHO NOVO,2,"5.000,01 a 20.000 m²",5000.01,20000.0,0.492
CENTRO,RANCHO NOVO,2,"20.000,01 a 50.000 m²",20000.01,50000.0,0.344
CENTRO,RANCHO NOVO,2,"50.000,01 a 100.000 m²",50000.01,100000.0,0.241
CENTRO,RANCHO NOVO,2,"100.000,01 a 500.000 m²",100000.01,500000.0,0.193
CENTRO,RANCHO NOVO,2,"500.000,01 a 1.000.000 m²",500000.01,1000000.0,0.154
CENTRO,RANCHO NOVO,2,acima de  1.000.000 m²,1000000.0,,0.123
CENTRO,RANCHO NOVO,3,até 500 m²,0.0,500.0,1.673
CENTRO,RANCHO NOVO,3,"500,01 a 1.500 m²",500.01,1500.0,1.171
CENTRO,RANCHO NOVO,3,"1.500,01 a 5.000 m²",1500.01,5000.0,0.82
CENTRO,RANCHO NOVO,3,"5.000,01 a 20.000 m²",5000.01,20000.0,0.492
CENTRO,RANCHO NOVO,3,"20.000,01 a 50.000 m²",20000.01,50000.0,0.344
CENTRO,RANCHO NOVO,3,"50.000,01 a 100.000 m²",50000.01,100000.0,0.241
CENTRO,RANCHO NOVO,3,"100.000,01 a 500.000 m²",100000.01,500000.0,0.193
CENTRO,RANCHO NOVO,3,"500.000,01 a 1.000.000 m²",500000.01,1000000.0,0.154
CENTRO,RANCHO NOVO,3,acima de  1.000.000 m²,1000000.0,,0.123
CENTRO,VILA NOVA,1,até 500 m²,0.0,500.0,1.673
CENTRO,VILA NOVA,1,"500,01 a 1.500 m²",500.01,1500.0,1.171
CENTRO,VILA NOVA,1,"1.500,01 a 5.000 m²",1500.01,5000.0,0.82
CENTRO,VILA NOVA,1,"5.000,01 a 20.000 m²",5000.01,20000.0,0.492
CENTRO,VILA NOVA,1,"20.000,01 a 50.000 m²",20000.01,50000.0,0.344
CENTRO,VILA NOVA,1,"50.000,01 a 100.000 m²",50000.01,100000.0,0.241
CENTRO,VILA NOVA,1,"100.000,01 a 500.000 m²",100000.01,500000.0,0.193
CENTRO,VILA NOVA,1,"500.000,01 a 1.000.000 m²",500000.01,1000000.0,0.154
CENTRO,VILA NOVA,1,acima de  1.000.000 m²,1000000.0,,0.123
CENTRO,VILA NOVA,2,até 500 m²,0.0,500.0,1.673
CENTRO,VILA NOVA,2,"500,01 a 1.500 m²",500.01,1500.0,1.171
CENTRO,VILA NOVA,2,"1.500,01 a 5.000 m²",1500.01,5000.0,0.82
CENTRO,VILA NOVA,2,"5.000,01 a 20.000 m²",5000.01,20000.0,0.492
CENTRO,VILA NOVA,2,"20.000,01 a 50.000 m²",20000.01,50000.0,0.344
CENTRO,VILA NOVA,2,"50.000,01 a 100.000 m²",50000.01,100000.0,0.241
CENTRO,VILA NOVA,2,"100.000,01 a 500.000 m²",100000.01,500000.0,0.193
CENTRO,VILA NOVA,2,"500.000,01 a 1.000.000 m²",500000.01,1000000.0,0.154
CENTRO,VILA NOVA,2,acima de  1.000.000 m²,1000000.0,,0.123
CENTRO,VILA NOVA,3,até 500 m²,0.0,500.0,1.2548
CENTRO,VILA NOVA,3,"500,01 a 1.500 m²",500.01,1500.0,0.8783
CENTRO,VILA NOVA,3,"1.500,01 a 5.000 m²",1500.01,5000.0,0.615
CENTRO,VILA NOVA,3,"5.000,01 a 20.000 m²",5000.01,20000.0,0.492
CENTRO,VILA NOVA,3,"20.000,01 a 50.000 m²",20000.01,50000.0,0.344
CENTRO,VILA NOVA,3,"50.000,01 a 100.000 m²",50000.01,100000.0,0.241
CENTRO,VILA NOVA,3,"100.000,01 a 500.000 m²",100000.01,500000.0,0.193
CENTRO,VILA NOVA,3,"500.000,01 a 1.000.000 m²",500000.01,1000000.0,0.154
CENTRO,VILA NOVA,3,acima de  1.000.000 m²,1000000.0,,0.123
CENTRO,CHACRINHA,1,até 500 m²,0.0,500.0,1.464
CENTRO,CHACRINHA,1,"500,01 a 1.500 m²",500.01,1500.0,1.025
CENTRO,CHACRINHA,1,"1.500,01 a 5.000 m²",1500.01,5000.0,0.717
CENTRO,CHACRINHA,1,"5.000,01 a 20.000 m²",5000.01,20000.0,0.431
CENTRO,CHACRINHA,1,"20.000,01 a 50.000 m²",20000.01,50000.0,0.301
CENTRO,CHACRINHA,1,"50.000,01 a 100.000 m²",50000.01,100000.0,0.211
CENTRO,CHACRINHA,1,"100.000,01 a 500.000 m²",100000.01,500000.0,0.169
CENTRO,CHACRINHA,1,"500.000,01 a 1.000.000 m²",500000.01,1000000.0,0.135
CENTRO,CHACRINHA,1,acima de  1.000.000 m²,1000000.0,,0.108
CENTRO,CHACRINHA,2,até 500 m²,0.0,500.0,1.464
CENTRO,CHACRINHA,2,"500,01 a 1.500 m²",500.01,1500.0,1.025
CENTRO,CHACRINHA,2,"1.500,01 a 5.000 m²",1500.01,5000.0,0.717
CENTRO,CHACRINHA,2,"5.000,01 a 20.000 m²",5000.01,20000.0,0.431
CENTRO,CHACRINHA,2,"20.000,01 a 50.000 m²",20000.01,50000.0,0.301
CENTRO,CHACRINHA,2,"50.000,01 a 100.000 m²",50000.01,100000.0,0.211
CENTRO,CHACRINHA,2,"100.000,01 a 500.000 m²",100000.01,500000.0,0.169
CENTRO,CHACRINHA,2,"500.000,01 a 1.000.000 m²",500000.01,1000000.0,0.135
CENTRO,CHACRINHA,2,acima de  1.000.000 m²,1000000.0,,0.108
CENTRO,CHACRINHA,3,até 500 m²,0.0,500.0,1.464
CENTRO,CHACRINHA,3,"500,01 a 1.500 m²",500.01,1500.0,1.025
CENTRO,CHACRINHA,3,"1.500,01 a 5.000 m²",1500.01,5000.0,0.717
CENTRO,CHACRINHA,3,"5.000,01 a 20.000 m²",5000.01,20000.0,0.431
CENTRO,CHACRINHA,3,"20.000,01 a 50.000 m²",20000.01,50000.0,0.301
CENTRO,CHACRINHA,3,"50.000,01 a 100.000 m²",50000.01,100000.0,0.211
CENTRO,CHACRINHA,3,"100.000,01 a 500.000 m²",100000.01,500000.0,0.169
CENTRO,CHACRINHA,3,"500.000,01 a 1.000.000 m²",500000.01,1000000.0,0.135
CENTRO,CHACRINHA,3,acima de  1.000.000 m²,1000000.0,,0.108
CENTRO,STA EUGÊNIA,1,até 500 m²,0.0,500.0,1.464
CENTRO,STA EUGÊNIA,1,"500,01 a 1.500 m²",500.01,1500.0,1.025
CENTRO,STA EUGÊNIA,1,"1.500,01 a 5.000 m²",1500.01,5000.0,0.717
CENTRO,STA EUGÊNIA,1,"5.000,01 a 20.000 m²",5000.01,20000.0,0.431
CENTRO,STA EUGÊNIA,1,"20.000,01 a 50.000 m²",20000.01,50000.0,0.301
CENTRO,STA EUGÊNIA,1,"50.000,01 a 100.000 m²",50000.01,100000.0,0.211
CENTRO,STA EUGÊNIA,1,"100.000,01 a 500.000 m²",100000.01,500000.0,0.169
CENTRO,STA EUGÊNIA,1,"500.000,01 a 1.000.000 m²",500000.01,1000000.0,0.135
CENTRO,STA EUGÊNIA,1,acima de  1.000.000 m²,1000000.0,,0.108
CENTRO,STA EUGÊNIA,2,até 500 m²,0.0,500.0,1.464
CENTRO,STA EUGÊNIA,2,"500,01 a 1.500 m²",500.01,1500.0,1.025
CENTRO,STA EUGÊNIA,2,"1.500,01 a 5.000 m²",1500.01,5000.0,0.717
CENTRO,STA EUGÊNIA,2,"5.000,01 a 20.000 m²",5000.01,20000.0,0.431
CENTRO,STA EUGÊNIA,2,"20.000,01 a 50.000 m²",20000.01,50000.0,0.301
CENTRO,STA EUGÊNIA,2,"50.000,01 a 100.000 m²",50000.01,100000.0,0.211
CENTRO,STA EUGÊNIA,2,"100.000,01 a 500.000 m²",100000.01,500000.0,0.169
CENTRO,STA EUGÊNIA,2,"500.000,01 a 1.000.000 m²",500000.01,1000000.0,0.135
CENTRO,STA EUGÊNIA,2,acima de  1.000.000 m²,1000000.0,,0.108
CENTRO,STA EUGÊNIA,3,até 500 m²,0.0,500.0,1.464
CENTRO,STA EUGÊNIA,3,"500,01 a 1.500 m²",500.01,1500.0,1.025
CENTRO,STA EUGÊNIA,3,"1.500,01 a 5.000 m²",1500.01,5000.0,0.717
CENTRO,STA EUGÊNIA,3,"5.000,01 a 20.000 m²",5000.01,20000.0,0.431
CENTRO,STA EUGÊNIA,3,"20.000,01 a 50.000 m²",20000.01,50000.0,0.301
CENTRO,STA EUGÊNIA,3,"50.000,01 a 100.000 m²",50000.01,100000.0,0.211
CENTRO,STA EUGÊNIA,3,"100.000,01 a 500.000 m²",100000.01,500000.0,0.169
CENTRO,STA EUGÊNIA,3,"500.000,01 a 1.000.000 m²",500000.01,1000000.0,0.135
CENTRO,STA EUGÊNIA,3,acima de  1.000.000 m²,1000000.0,,0.108
CENTRO,MOQUETA,1,até 500 m²,0.0,500.0,1.464
CENTRO,MOQUETA,1,"500,01 a 1.500 m²",500.01,1500.0,1.025
CENTRO,MOQUETA,1,"1.500,01 a 5.000 m²",1500.01,5000.0,0.717
CENTRO,MOQUETA,1,"5.000,01 a 20.000 m²",5000.01,20000.0,0.431
CENTRO,MOQUETA,1,"20.000,01 a 50.000 m²",20000.01,50000.0,0.301
CENTRO,MOQUETA,1,"50.000,01 a 100.000 m²",50000.01,100000.0,0.211
CENTRO,MOQUETA,1,"100.000,01 a 500.000 m²",100000.01,500000.0,0.169
CENTRO,MOQUETA,1,"500.000,01 a 1.000.000 m²",500000.01,1000000.0,0.135
CENTRO,MOQUETA,1,acima de  1.000.000 m²,1000000.0,,0.108
CENTRO,MOQUETA,2,até 500 m²,0.0,500.0,1.464
CENTRO,MOQUETA,2,"500,01 a 1.500 m²",500.01,1500.0,1.025
CENTRO,MOQUETA,2,"1.500,01 a 5.000 m²",1500.01,5000.0,0.717
CENTRO,MOQUETA,2,"5.000,01 a 20.000 m²",5000.01,20000.0,0.431
CENTRO,MOQUETA,2,"20.000,01 a 50.000 m²",20000.01,50000.0,0.301
CENTRO,MOQUETA,2,"50.000,01 a 100.000 m²",50000.01,100000.0,0.211
CENTRO,MOQUETA,2,"100.000,01 a 500.000 m²",100000.01,500000.0,0.169
CENTRO,MOQUETA,2,"500.000,01 a 1.000.000 m²",500000.01,1000000.0,0.135
CENTRO,MOQUETA,2,acima de  1.000.000 m²,1000000.0,,0.108
CENTRO,MOQUETA,3,até 500 m²,0.0,500.0,1.464
CENTRO,MOQUETA,3,"500,01 a 1.500 m²",500.01,1500.0,1.025
CENTRO,MOQUETA,3,"1.500,01 a 5.000 m²",1500.01,5000.0,0.717
CENTRO,MOQUETA,3,"5.000,01 a 20.000 m²",5000.01,20000.0,0.431
CENTRO,MOQUETA,3,"20.000,01 a 50.000 m²",20000.01,50000.0,0.301
CENTRO,MOQUETA,3,"50.000,01 a 100.000 m²",50000.01,100000.0,0.211
CENTRO,MOQUETA,3,"100.000,01 a 500.000 m²",100000.01,500000.0,0.169
CENTRO,MOQUETA,3,"500.000,01 a 1.000.000 m²",500000.01,1000000.0,0.135
CENTRO,MOQUETA,3,acima de  1.000.000 m²,1000000.0,,0.108
CENTRO,JD TROPICAL,1,até 500 m²,0.0,500.0,1.464
CENTRO,JD TROPICAL,1,"500,01 a 1.500 m²",500.01,1500.0,1.025
CENTRO,JD TROPICAL,1,"1.500,01 a 5.000 m²",1500.01,5000.0,0.717
CENTRO,JD TROPICAL,1,"5.000,01 a 20.000 m²",5000.01,20000.0,0.431
CENTRO,JD TROPICAL,1,"20.000,01 a 50.000 m²",20000.01,50000.0,0.301
CENTRO,JD TROPICAL,1,"50.000,01 a 100.000 m²",50000.01,100000.0,0.211
CENTRO,JD TROPICAL,1,"100.000,01 a 500.000 m²",100000.01,500000.0,0.169
CENTRO,JD TROPICAL,1,"500.000,01 a 1.000.000 m²",500000.01,1000000.0,0.135
CENTRO,JD TROPICAL,1,acima de  1.000.000 m²,1000000.0,,0.108
CENTRO,JD TROPICAL,2,até 500 m²,0.0,500.0,1.464
CENTRO,JD TROPICAL,2,"500,01 a 1.500 m²",500.01,1500.0,1.025
CENTRO,JD TROPICAL,2,"1.500,01 a 5.000 m²",1500.01,5000.0,0.717
CENTRO,JD TROPICAL,2,"5.000,01 a 20.000 m²",5000.01,20000.0,0.431
CENTRO,JD TROPICAL,2,"20.000,01 a 50.000 m²",20000.01,50000.0,0.301
CENTRO,JD TROPICAL,2,"50.000,01 a 100.000 m²",50000.01,100000.0,0.211
CENTRO,JD TROPICAL,2,"100.000,01 a 500.000 m²",100000.01,500000.0,0.169
CENTRO,JD TROPICAL,2,"500.000,01 a 1.000.000 m²",500000.01,1000000.0,0.135
CENTRO,JD TROPICAL,2,acima de  1.000.000 m²,1000000.0,,0.108
CENTRO,JD TROPICAL,3,até 500 m²,0.0,500.0,1.464
CENTRO,JD TROPICAL,3,"500,01 a 1.500 m²",500.01,1500.0,1.025
CENTRO,JD TROPICAL,3,"1.500,01 a 5.000 m²",1500.01,5000.0,0.717
CENTRO,JD TROPICAL,3,"5.000,01 a 20.000 m²",5000.01,20000.0,0.431
CENTRO,JD TROPICAL,3,"20.000,01 a 50.000 m²",20000.01,50000.0,0.301
CENTRO,JD TROPICAL,3,"50.000,01 a 100.000 m²",50000.01,100000.0,0.211
CENTRO,JD TROPICAL,3,"100.000,01 a 500.000 m²",100000.01,500000.0,0.169
CENTRO,JD TROPICAL,3,"500.000,01 a 1.000.000 m²",500000.01,1000000.0,0.135
CENTRO,JD TROPICAL,3,acima de  1.000.000 m²,1000000.0,,0.108
CENTRO,PRATA,1,até 500 m²,0.0,500.0,1.464
CENTRO,PRATA,1,"500,01 a 1.500 m²",500.01,1500.0,1.025
CENTRO,PRATA,1,"1.500,01 a 5.000 m²",1500.01,5000.0,0.717
CENTRO,PRATA,1,"5.000,01 a 20.000 m²",5000.01,20000.0,0.431
CENTRO,PRATA,1,"20.000,01 a 50.000 m²",20000.01,50000.0,0.301
CENTRO,PRATA,1,"50.000,01 a 100.000 m²",50000.01,100000.0,0.211
CENTRO,PRATA,1,"100.000,01 a 500.000 m²",100000.01,500000.0,0.169
CENTRO,PRATA,1,"500.000,01 a 1.000.000 m²",500000.01,1000000.0,0.135
CENTRO,PRATA,1,acima de  1.000.000 m²,1000000.0,,0.108
CENTRO,PRATA,2,até 500 m²,0.0,500.0,1.464
CENTRO,PRATA,2,"500,01 a 1.500 m²",500.01,1500.0,1.025
CENTRO,PRATA,2,"1.500,01 a 5.000 m²",1500.01,5000.0,0.717
CENTRO,PRATA,2,"5.000,01 a 20.000 m²",5000.01,20000.0,0.431
CENTRO,PRATA,2,"20.000,01 a 50.000 m²",20000.01,50000.0,0.301
CENTRO,PRATA,2,"50.000,01 a 100.000 m²",50000.01,100000.0,0.211
CENTRO,PRATA,2,"100.000,01 a 500.000 m²",100000.01,500000.0,0.169
CENTRO,PRATA,2,"500.000,01 a 1.000.000 m²",500000.01,1000000.0,0.135
CENTRO,PRATA,2,acima de  1.000.000 m²,1000000.0,,0.108
CENTRO,PRATA,3,até 500 m²,0.0,500.0,1.464
CENTRO,PRATA,3,"500,01 a 1.500 m²",500.01,1500.0,1.025
CENTRO,PRATA,3,"1.500,01 a 5.000 m²",1500.01,5000.0,0.717
CENTRO,PRATA,3,"5.000,01 a 20.000 m²",5000.01,20000.0,0.431
CENTRO,PRATA,3,"20.000,01 a 50.000 m²",20000.01,50000.0,0.301
CENTRO,PRATA,3,"50.000,01 a 100.000 m²",50000.01,100000.0,0.211
CENTRO,PRATA,3,"100.000,01 a 500.000 m²",100000.01,500000.0,0.169
CENTRO,PRATA,3,"500.000,01 a 1.000.000 m²",500000.01,1000000.0,0.135
CENTRO,PRATA,3,acima de  1.000.000 m²,1000000.0,,0.108
CENTRO,JD IGUAÇU,1,até 500 m²,0.0,500.0,1.464
CENTRO,JD IGUAÇU,1,"500,01 a 1.500 m²",500.01,1500.0,1.025
CENTRO,JD IGUAÇU,1,"1.500,01 a 5.000 m²",1500.01,5000.0,0.717
CENTRO,JD IGUAÇU,1,"5.000,01 a 20.000 m²",5000.01,20000.0,0.431
CENTRO,JD IGUAÇU,1,"20.000,01 a 50.000 m²",20000.01,50000.0,0.301
CENTRO,JD IGUAÇU,1,"50.000,01 a 100.000 m²",50000.01,100000.0,0.211
CENTRO,JD IGUAÇU,1,"100.000,01 a 500.000 m²",100000.01,500000.0,0.169
CENTRO,JD IGUAÇU,1,"500.000,01 a 1.000.000 m²",500000.01,1000000.0,0.135
CENTRO,JD IGUAÇU,1,acima de  1.000.000 m²,1000000.0,,0.108
CENTRO,JD IGUAÇU,2,até 500 m²,0.0,500.0,1.464
CENTRO,JD IGUAÇU,2,"500,01 a 1.500 m²",500.01,1500.0,1.025
CENTRO,JD IGUAÇU,2,"1.500,01 a 5.000 m²",1500.01,5000.0,0.717
CENTRO,JD IGUAÇU,2,"5.000,01 a 20.000 m²",5000.01,20000.0,0.431
CENTRO,JD IGUAÇU,2,"20.000,01 a 50.000 m²",20000.01,50000.0,0.301
CENTRO,JD IGUAÇU,2,"50.000,01 a 100.000 m²",50000.01,100000.0,0.211
CENTRO,JD IGUAÇU,2,"100.000,01 a 500.000 m²",100000.01,500000.0,0.169
CENTRO,JD IGUAÇU,2,"500.000,01 a 1.000.000 m²",500000.01,1000000.0,0.135
CENTRO,JD IGUAÇU,2,acima de  1.000.000 m²,1000000.0,,0.108
CENTRO,JD IGUAÇU,3,até 500 m²,0.0,500.0,1.464
CENTRO,JD IGUAÇU,3,"500,01 a 1.500 m²",500.01,1500.0,1.025
CENTRO,JD IGUAÇU,3,"1.500,01 a 5.000 m²",1500.01,5000.0,0.717
CENTRO,JD IGUAÇU,3,"5.000,01 a 20.000 m²",5000.01,20000.0,0.431
CENTRO,JD IGUAÇU,3,"20.000,01 a 50.000 m²",20000.01,50000.0,0.301
CENTRO,JD IGUAÇU,3,"50.000,01 a 100.000 m²",50000.01,100000.0,0.211
CENTRO,JD IGUAÇU,3,"100.000,01 a 500.000 m²",100000.01,500000.0,0.169
CENTRO,JD IGUAÇU,3,"500.000,01 a 1.000.000 m²",500000.01,1000000.0,0.135
CENTRO,JD IGUAÇU,3,acima de  1.000.000 m²,1000000.0,,0.108
CENTRO,ENGENHO,1,até 500 m²,0.0,500.0,1.464
CENTRO,ENGENHO,1,"500,01 a 1.500 m²",500.01,1500.0,1.025
CENTRO,ENGENHO,1,"1.500,01 a 5.000 m²",1500.01,5000.0,0.717
CENTRO,ENGENHO,1,"5.000,01 a 20.000 m²",5000.01,20000.0,0.431
CENTRO,ENGENHO,1,"20.000,01 a 50.000 m²",20000.01,50000.0,0.301
CENTRO,ENGENHO,1,"50.000,01 a 100.000 m²",50000.01,100000.0,0.211
CENTRO,ENGENHO,1,"100.000,01 a 500.000 m²",100000.01,500000.0,0.169
CENTRO,ENGENHO,1,"500.000,01 a 1.000.000 m²",500000.01,1000000.0,0.135
CENTRO,ENGENHO,1,acima de  1.000.000 m²,1000000.0,,0.108
CENTRO,PENHENO,2,até 500 m²,0.0,500.0,1.2548
CENTRO,PENHENO,2,"500,01 a 1.500 m²",500.01,1500.0,0.8783
CENTRO,PENHENO,2,"1.500,01 a 5.000 m²",1500.01,5000.0,0.615
CENTRO,PENHENO,2,"5.000,01 a 20.000 m²",5000.01,20000.0,0.369
CENTRO,PENHENO,2,"20.000,01 a 50.000 m²",20000.01,50000.0,0.258
CENTRO,PENHENO,2,"50.000,01 a 100.000 m²",50000.01,100000.0,0.181
CENTRO,PENHENO,2,"100.000,01 a 500.000 m²",100000.01,500000.0,0.145
CENTRO,PENHENO,2,"500.000,01 a 1.000.000 m²",500000.01,1000000.0,0.116
CENTRO,PENHENO,2,acima de  1.000.000 m²,1000000.0,,0.093
CENTRO,VILA OPERÁRIA,1,até 500 m²,0.0,500.0,1.2548
CENTRO,VILA OPERÁRIA,1,"500,01 a 1.500 m²",500.01,1500.0,0.8783
CENTRO,VILA OPERÁRIA,1,"1.500,01 a 5.000 m²",1500.01,5000.0,0.615
CENTRO,VILA OPERÁRIA,1,"5.000,01 a 20.000 m²",5000.01,20000.0,0.369
CENTRO,VILA OPERÁRIA,1,"20.000,01 a 50.000 m²",20000.01,50000.0,0.258
CENTRO,VILA OPERÁRIA,1,"50.000,01 a 100.000 m²",50000.01,100000.0,0.181
CENTRO,VILA OPERÁRIA,1,"100.000,01 a 500.000 m²",100000.01,500000.0,0.145
CENTRO,VILA OPERÁRIA,1,"500.000,01 a 1.000.000 m²",500000.01,1000000.0,0.116
CENTRO,VILA OPERÁRIA,1,acima de  1.000.000 m²,1000000.0,,0.093
CENTRO,VILA OPERÁRIA,2,até 500 m²,0.0,500.0,1.2548
CENTRO,VILA OPERÁRIA,2,"500,01 a 1.500 m²",500.01,1500.0,0.8783
CENTRO,VILA OPERÁRIA,2,"1.500,01 a 5.000 m²",1500.01,5000.0,0.615
CENTRO,VILA OPERÁRIA,2,"5.000,01 a 20.000 m²",5000.01,20000.0,0.369
CENTRO,VILA OPERÁRIA,2,"20.000,01 a 50.000 m²",20000.01,50000.0,0.258
CENTRO,VILA OPERÁRIA,2,"50.000,01 a 100.000 m²",50000.01,100000.0,0.181
CENTRO,VILA OPERÁRIA,2,"100.000,01 a 500.000 m²",100000.01,500000.0,0.145
CENTRO,VILA OPERÁRIA,2,"500.000,01 a 1.000.000 m²",500000.01,1000000.0,0.116
CENTRO,VILA OPERÁRIA,2,acima de  1.000.000 m²,1000000.0,,0.093
CENTRO,VILA OPERÁRIA,3,até 500 m²,0.0,500.0,0.8365
CENTRO,VILA OPERÁRIA,3,"500,01 a 1.500 m²",500.01,1500.0,0.5855
CENTRO,VILA OPERÁRIA,3,"1.500,01 a 5.000 m²",1500.01,5000.0,0.41
CENTRO,VILA OPERÁRIA,3,"5.000,01 a 20.000 m²",5000.01,20000.0,0.369
CENTRO,VILA OPERÁRIA,3,"20.000,01 a 50.000 m²",20000.01,50000.0,0.258
CENTRO,VILA OPERÁRIA,3,"50.000,01 a 100.000 m²",50000.01,100000.0,0.181
CENTRO,VILA OPERÁRIA,3,"100.000,01 a 500.000 m²",100000.01,500000.0,0.145
CENTRO,VILA OPERÁRIA,3,"500.000,01 a 1.000.000 m²",500000.01,1000000.0,0.116
CENTRO,VILA OPERÁRIA,3,acima de  1.000.000 m²,1000000.0,,0.093
CENTRO,VIGA,1,até 500 m²,0.0,500.0,1.2548
CENTRO,VIGA,1,"500,01 a 1.500 m²",500.01,1500.0,0.8783
CENTRO,VIGA,1,"1.500,01 a 5.000 m²",1500.01,5000.0,0.615
CENTRO,VIGA,1,"5.000,01 a 20.000 m²",5000.01,20000.0,0.369
CENTRO,VIGA,1,"20.000,01 a 50.000 m²",20000.01,50000.0,0.258
CENTRO,VIGA,1,"50.000,01 a 100.000 m²",50000.01,100000.0,0.181
CENTRO,VIGA,1,"100.000,01 a 500.000 m²",100000.01,500000.0,0.145
CENTRO,VIGA,1,"500.000,01 a 1.000.000 m²",500000.01,1000000.0,0.116
CENTRO,VIGA,1,acima de  1.000.000 m²,1000000.0,,0.093
CENTRO,VIGA,2,até 500 m²,0.0,500.0,1.2548
CENTRO,VIGA,2,"500,01 a 1.500 m²",500.01,1500.0,0.8783
CENTRO,VIGA,2,"1.500,01 a 5.000 m²",1500.01,5000.0,0.615
CENTRO,VIGA,2,"5.000,01 a 20.000 m²",5000.01,20000.0,0.369
CENTRO,VIGA,2,"20.000,01 a 50.000 m²",20000.01,50000.0,0.258
CENTRO,VIGA,2,"50.000,01 a 100.000 m²",50000.01,100000.0,0.181
CENTRO,VIGA,2,"100.000,01 a 500.000 m²",100000.01,500000.0,0.145
CENTRO,VIGA,2,"500.000,01 a 1.000.000 m²",500000.01,1000000.0,0.116
CENTRO,VIGA,2,acima de  1.000.000 m²,1000000.0,,0.093
POSSE,POSSE,1,até 500 m²,0.0,500.0,1.339
POSSE,POSSE,1,"500,01 a 1.500 m²",500.01,1500.0,0.937
POSSE,POSSE,1,"1.500,01 a 5.000 m²",1500.01,5000.0,0.562
POSSE,POSSE,1,"5.000,01 a 20.000 m²",5000.01,20000.0,0.337
POSSE,POSSE,1,"20.000,01 a 50.000 m²",20000.01,50000.0,0.236
POSSE,POSSE,1,"50.000,01 a 100.000 m²",50000.01,100000.0,0.165
POSSE,POSSE,1,"100.000,01 a 500.000 m²",100000.01,500000.0,0.132
POSSE,POSSE,1,"500.000,01 a 1.000.000 m²",500000.01,1000000.0,0.112
POSSE,POSSE,1,acima de  1.000.000 m²,1000000.0,,0.096
POSSE,POSSE,2,até 500 m²,0.0,500.0,1.339
POSSE,POSSE,2,"500,01 a 1.500 m²",500.01,1500.0,0.937
POSSE,POSSE,2,"1.500,01 a 5.000 m²",1500.01,5000.0,0.562
POSSE,POSSE,2,"5.000,01 a 20.000 m²",5000.01,20000.0,0.337
POSSE,POSSE,2,"20.000,01 a 50.000 m²",20000.01,50000.0,0.236
POSSE,POSSE,2,"50.000,01 a 100.000 m²",50000.01,100000.0,0.165
POSSE,POSSE,2,"100.000,01 a 500.000 m²",100000.01,500000.0,0.132
POSSE,POSSE,2,"500.000,01 a 1.000.000 m²",500000.01,1000000.0,0.112
POSSE,POSSE,2,acima de  1.000.000 m²,1000000.0,,0.096
POSSE,POSSE,3,até 500 m²,0.0,500.0,1.339
POSSE,POSSE,3,"500,01 a 1.500 m²",500.01,1500.0,0.937
POSSE,POSSE,3,"1.500,01 a 5.000 m²",1500.01,5000.0,0.562
POSSE,POSSE,3,"5.000,01 a 20.000 m²",5000.01,20000.0,0.337
POSSE,POSSE,3,"20.000,01 a 50.000 m²",20000.01,50000.0,0.236
POSSE,POSSE,3,"50.000,01 a 100.000 m²",50000.01,100000.0,0.165
POSSE,POSSE,3,"100.000,01 a 500.000 m²",100000.01,500000.0,0.132
POSSE,POSSE,3,"500.000,01 a 1.000.000 m²",500000.01,1000000.0,0.112
POSSE,POSSE,3,acima de  1.000.000 m²,1000000.0,,0.096
POSSE,PONTO CHIC,1,até 500 m²,0.0,500.0,0.904
POSSE,PONTO CHIC,1,"500,01 a 1.500 m²",500.01,1500.0,0.633
POSSE,PONTO CHIC,1,"1.500,01 a 5.000 m²",1500.01,5000.0,0.38
POSSE,PONTO CHIC,1,"5.000,01 a 20.000 m²",5000.01,20000.0,0.228
POSSE,PONTO CHIC,1,"20.000,01 a 50.000 m²",20000.01,50000.0,0.159
POSSE,PONTO CHIC,1,"50.000,01 a 100.000 m²",50000.01,100000.0,0.112
POSSE,PONTO CHIC,1,"100.000,01 a 500.000 m²",100000.01,500000.0,0.089
POSSE,PONTO CHIC,1,"500.000,01 a 1.000.000 m²",500000.01,1000000.0,0.076
POSSE,PONTO CHIC,1,acima de  1.000.000 m²,1000000.0,,0.064
POSSE,PONTO CHIC,2,até 500 m²,0.0,500.0,0.904
POSSE,PONTO CHIC,2,"500,01 a 1.500 m²",500.01,1500.0,0.633
POSSE,PONTO CHIC,2,"1.500,01 a 5.000 m²",1500.01,5000.0,0.38
POSSE,PONTO CHIC,2,"5.000,01 a 20.000 m²",5000.01,20000.0,0.228
POSSE,PONTO CHIC,2,"20.000,01 a 50.000 m²",20000.01,50000.0,0.159
POSSE,PONTO CHIC,2,"50.000,01 a 100.000 m²",50000.01,100000.0,0.112
POSSE,PONTO CHIC,2,"100.000,01 a 500.000 m²",100000.01,500000.0,0.089
POSSE,PONTO CHIC,2,"500.000,01 a 1.000.000 m²",500000.01,1000000.0,0.076
POSSE,PONTO CHIC,2,acima de  1.000.000 m²,1000000.0,,0.064
POSSE,PONTO CHIC,3,até 500 m²,0.0,500.0,0.904
POSSE,PONTO CHIC,3,"500,01 a 1.500 m²",500.01,1500.0,0.633
POSSE,PONTO CHIC,3,"1.500,01 a 5.000 m²",1500.01,5000.0,0.38
POSSE,PONTO CHIC,3,"5.000,01 a 20.000 m²",5000.01,20000.0,0.228
POSSE,PONTO CHIC,3,"20.000,01 a 50.000 m²",20000.01,50000.0,0.159
POSSE,PONTO CHIC,3,"50.000,01 a 100.000 m²",50000.01,100000.0,0.112
POSSE,PONTO CHIC,3,"100.000,01 a 500.000 m²",100000.01,500000.0,0.089
POSSE,PONTO CHIC,3,"500.000,01 a 1.000.000 m²",500000.01,1000000.0,0.076
POSSE,PONTO CHIC,3,acima de  1.000.000 m²,1000000.0,,0.064
POSSE,PONTO CHIC,4,até 500 m²,0.0,500.0,0.904
POSSE,PONTO CHIC,4,"500,01 a 1.500 m²",500.01,1500.0,0.633
POSSE,PONTO CHIC,4,"1.500,01 a 5.000 m²",1500.01,5000.0,0.38
POSSE,PONTO CHIC,4,"5.000,01 a 20.000 m²",5000.01,20000.0,0.228
POSSE,PONTO CHIC,4,"20.000,01 a 50.000 m²",20000.01,50000.0,0.159
POSSE,PONTO CHIC,4,"50.000,01 a 100.000 m²",50000.01,100000.0,0.112
POSSE,PONTO CHIC,4,"100.000,01 a 500.000 m²",100000.01,500000.0,0.089
POSSE,PONTO CHIC,4,"500.000,01 a 1.000.000 m²",500000.01,1000000.0,0.076
POSSE,PONTO CHIC,4,acima de  1.000.000 m²,1000000.0,,0.064
POSSE,PONTO CHIC,5,até 500 m²,0.0,500.0,0.678
POSSE,PONTO CHIC,5,"500,01 a 1.500 m²",500.01,1500.0,0.4748
POSSE,PONTO CHIC,5,"1.500,01 a 5.000 m²",1500.01,5000.0,0.285
POSSE,PONTO CHIC,5,"5.000,01 a 20.000 m²",5000.01,20000.0,0.228
POSSE,PONTO CHIC,5,"20.000,01 a 50.000 m²",20000.01,50000.0,0.159
POSSE,PONTO CHIC,5,"50.000,01 a 100.000 m²",50000.01,100000.0,0.112
POSSE,PONTO CHIC,5,"100.000,01 a 500.000 m²",100000.01,500000.0,0.089
POSSE,PONTO CHIC,5,"500.000,01 a 1.000.000 m²",500000.01,1000000.0,0.076
POSSE,PONTO CHIC,5,acima de  1.000.000 m²,1000000.0,,0.064
POSSE,CERÂMICA,1,até 500 m²,0.0,500.0,0.77
POSSE,CERÂMICA,1,"500,01 a 1.500 m²",500.01,1500.0,0.539
POSSE,CERÂMICA,1,"1.500,01 a 5.000 m²",1500.01,5000.0,0.323
POSSE,CERÂMICA,1,"5.000,01 a 20.000 m²",5000.01,20000.0,0.194
POSSE,CERÂMICA,1,"20.000,01 a 50.000 m²",20000.01,50000.0,0.136
POSSE,CERÂMICA,1,"50.000,01 a 100.000 m²",50000.01,100000.0,0.095
POSSE,CERÂMICA,1,"100.000,01 a 500.000 m²",100000.01,500000.0,0.089
POSSE,CERÂMICA,1,"500.000,01 a 1.000.000 m²",500000.01,1000000.0,0.065
POSSE,CERÂMICA,1,acima de  1.000.000 m²,1000000.0,,0.055
POSSE,CERÂMICA,2,até 500 m²,0.0,500.0,0.77
POSSE,CERÂMICA,2,"500,01 a 1.500 m²",500.01,1500.0,0.539
POSSE,CERÂMICA,2,"1.500,01 a 5.000 m²",1500.01,5000.0,0.323
POSSE,CERÂMICA,2,"5.000,01 a 20.000 m²",5000.01,20000.0,0.194
POSSE,CERÂMICA,2,"20.000,01 a 50.000 m²",20000.01,50000.0,0.136
POSSE,CERÂMICA,2,"50.000,01 a 100.000 m²",50000.01,100000.0,0.095
POSSE,CERÂMICA,2,"100.000,01 a 500.000 m²",100000.01,500000.0,0.076
POSSE,CERÂMICA,2,"500.000,01 a 1.000.000 m²",500000.01,1000000.0,0.065
POSSE,CERÂMICA,2,acima de  1.000.000 m²,1000000.0,,0.055
POSSE,CERÂMICA,3,até 500 m²,0.0,500.0,0.693
POSSE,CERÂMICA,3,"500,01 a 1.500 m²",500.01,1500.0,0.4851
POSSE,CERÂMICA,3,"1.500,01 a 5.000 m²",1500.01,5000.0,0.2907
POSSE,CERÂMICA,3,"5.000,01 a 20.000 m²",5000.01,20000.0,0.194
POSSE,CERÂMICA,3,"20.000,01 a 50.000 m²",20000.01,50000.0,0.136
POSSE,CERÂMICA,3,"50.000,01 a 100.000 m²",50000.01,100000.0,0.095
POSSE,CERÂMICA,3,"100.000,01 a 500.000 m²",100000.01,500000.0,0.076
POSSE,CERÂMICA,3,"500.000,01 a 1.000.000 m²",500000.01,1000000.0,0.065
POSSE,CERÂMICA,3,acima de  1.000.000 m²,1000000.0,,0.055
POSSE,CERÂMICA,4,até 500 m²,0.0,500.0,0.616
POSSE,CERÂMICA,4,"500,01 a 1.500 m²",500.01,1500.0,0.4312
POSSE,CERÂMICA,4,"1.500,01 a 5.000 m²",1500.01,5000.0,0.2584
POSSE,CERÂMICA,4,"5.000,01 a 20.000 m²",5000.01,20000.0,0.194
POSSE,CERÂMICA,4,"20.000,01 a 50.000 m²",20000.01,50000.0,0.136
POSSE,CERÂMICA,4,"50.000,01 a 100.000 m²",50000.01,100000.0,0.095
POSSE,CERÂMICA,4,"100.000,01 a 500.000 m²",100000.01,500000.0,0.076
POSSE,CERÂMICA,4,"500.000,01 a 1.000.000 m²",500000.01,1000000.0,0.065
POSSE,CERÂMICA,4,acima de  1.000.000 m²,1000000.0,,0.055
POSSE,TRÊS CORAÇÕES,1,até 500 m²,0.0,500.0,0.77
POSSE,TRÊS CORAÇÕES,1,"500,01 a 1.500 m²",500.01,1500.0,0.539
POSSE,TRÊS CORAÇÕES,1,"1.500,01 a 5.000 m²",1500.01,5000.0,0.323
POSSE,TRÊS CORAÇÕES,1,"5.000,01 a 20.000 m²",5000.01,20000.0,0.194
POSSE,TRÊS CORAÇÕES,1,"20.000,01 a 50.000 m²",20000.01,50000.0,0.136
POSSE,TRÊS CORAÇÕES,1,"50.000,01 a 100.000 m²",50000.01,100000.0,0.095
POSSE,TRÊS CORAÇÕES,1,"100.000,01 a 500.000 m²",100000.01,500000.0,0.076
POSSE,TRÊS CORAÇÕES,1,"500.000,01 a 1.000.000 m²",500000.01,1000000.0,0.065
POSSE,TRÊS CORAÇÕES,1,acima de  1.000.000 m²,1000000.0,,0.055
POSSE,TRÊS CORAÇÕES,2,até 500 m²,0.0,500.0,0.77
POSSE,TRÊS CORAÇÕES,2,"500,01 a 1.500 m²",500.01,1500.0,0.539
POSSE,TRÊS CORAÇÕES,2,"1.500,01 a 5.000 m²",1500.01,5000.0,0.323
POSSE,TRÊS CORAÇÕES,2,"5.000,01 a 20.000 m²",5000.01,20000.0,0.194
POSSE,TRÊS CORAÇÕES,2,"20.000,01 a 50.000 m²",20000.01,50000.0,0.136
POSSE,TRÊS CORAÇÕES,2,"50.000,01 a 100.000 m²",50000.01,100000.0,0.095
POSSE,TRÊS CORAÇÕES,2,"100.000,01 a 500.000 m²",100000.01,500000.0,0.076
POSSE,TRÊS CORAÇÕES,2,"500.000,01 a 1.000.000 m²",500000.01,1000000.0,0.065
POSSE,TRÊS CORAÇÕES,2,acima de  1.000.000 m²,1000000.0,,0.055
POSSE,TRÊS CORAÇÕES,3,até 500 m²,0.0,500.0,0.693
POSSE,TRÊS CORAÇÕES,3,"500,01 a 1.500 m²",500.01,1500.0,0.4851
POSSE,TRÊS CORAÇÕES,3,"1.500,01 a 5.000 m²",1500.01,5000.0,0.2907
POSSE,TRÊS CORAÇÕES,3,"5.000,01 a 20.000 m²",5000.01,20000.0,0.194
POSSE,TRÊS CORAÇÕES,3,"20.000,01 a 50.000 m²",20000.01,50000.0,0.136
POSSE,TRÊS CORAÇÕES,3,"50.000,01 a 100.000 m²",50000.01,100000.0,0.095
POSSE,TRÊS CORAÇÕES,3,"100.000,01 a 500.000 m²",100000.01,500000.0,0.076
POSSE,TRÊS CORAÇÕES,3,"500.000,01 a 1.000.000 m²",500000.01,1000000.0,0.065
POSSE,TRÊS CORAÇÕES,3,acima de  1.000.000 m²,1000000.0,,0.055
POSSE,TRÊS CORAÇÕES,4,até 500 m²,0.0,500.0,0.616
POSSE,TRÊS CORAÇÕES,4,"500,01 a 1.500 m²",500.01,1500.0,0.4312
POSSE,TRÊS CORAÇÕES,4,"1.500,01 a 5.000 m²",1500.01,5000.0,0.2584
POSSE,TRÊS CORAÇÕES,4,"5.000,01 a 20.000 m²",5000.01,20000.0,0.194
POSSE,TRÊS CORAÇÕES,4,"20.000,01 a 50.000 m²",20000.01,50000.0,0.136
POSSE,TRÊS CORAÇÕES,4,"50.000,01 a 100.000 m²",50000.01,100000.0,0.095
POSSE,TRÊS CORAÇÕES,4,"100.000,01 a 500.000 m²",100000.01,500000.0,0.076
POSSE,TRÊS CORAÇÕES,4,"500.000,01 a 1.000.000 m²",500000.01,1000000.0,0.065
POSSE,TRÊS CORAÇÕES,4,acima de  1.000.000 m²,1000000.0,,0.055
POSSE,KENNEDY,1,até 500 m²,0.0,500.0,0.703
POSSE,KENNEDY,1,"500,01 a 1.500 m²",500.01,1500.0,0.492
POSSE,KENNEDY,1,"1.500,01 a 5.000 m²",1500.01,5000.0,0.295
POSSE,KENNEDY,1,"5.000,01 a 20.000 m²",5000.01,20000.0,0.177
POSSE,KENNEDY,1,"20.000,01 a 50.000 m²",20000.01,50000.0,0.124
POSSE,KENNEDY,1,"50.000,01 a 100.000 m²",50000.01,100000.0,0.087
POSSE,KENNEDY,1,"100.000,01 a 500.000 m²",100000.01,500000.0,0.069
POSSE,KENNEDY,1,"500.000,01 a 1.000.000 m²",500000.01,1000000.0,0.059
POSSE,KENNEDY,1,acima de  1.000.000 m²,1000000.0,,0.05
POSSE,KENNEDY,2,até 500 m²,0.0,500.0,0.703
POSSE,KENNEDY,2,"500,01 a 1.500 m²",500.01,1500.0,0.492
POSSE,KENNEDY,2,"1.500,01 a 5.000 m²",1500.01,5000.0,0.295
POSSE,KENNEDY,2,"5.000,01 a 20.000 m²",5000.01,20000.0,0.177
POSSE,KENNEDY,2,"20.000,01 a 50.000 m²",20000.01,50000.0,0.124
POSSE,KENNEDY,2,"50.000,01 a 100.000 m²",50000.01,100000.0,0.087
POSSE,KENNEDY,2,"100.000,01 a 500.000 m²",100000.01,500000.0,0.069
POSSE,KENNEDY,2,"500.000,01 a 1.000.000 m²",500000.01,1000000.0,0.059
POSSE,KENNEDY,2,acima de  1.000.000 m²,1000000.0,,0.05
POSSE,KENNEDY,3,até 500 m²,0.0,500.0,0.703
POSSE,KENNEDY,3,"500,01 a 1.500 m²",500.01,1500.0,0.492
POSSE,KENNEDY,3,"1.500,01 a 5.000 m²",1500.01,5000.0,0.295
POSSE,KENNEDY,3,"5.000,01 a 20.000 m²",5000.01,20000.0,0.177
POSSE,KENNEDY,3,"20.000,01 a 50.000 m²",20000.01,50000.0,0.124
POSSE,KENNEDY,3,"50.000,01 a 100.000 m²",50000.01,100000.0,0.087
POSSE,KENNEDY,3,"100.000,01 a 500.000 m²",100000.01,500000.0,0.069
POSSE,KENNEDY,3,"500.000,01 a 1.000.000 m²",500000.01,1000000.0,0.059
POSSE,KENNEDY,3,acima de  1.000.000 m²,1000000.0,,0.05
POSSE,BOTAFOGO,1,até 500 m²,0.0,500.0,0.703
POSSE,BOTAFOGO,1,"500,01 a 1.500 m²",500.01,1500.0,0.492
POSSE,BOTAFOGO,1,"1.500,01 a 5.000 m²",1500.01,5000.0,0.295
POSSE,BOTAFOGO,1,"5.000,01 a 20.000 m²",5000.01,20000.0,0.177
POSSE,BOTAFOGO,1,"20.000,01 a 50.000 m²",20000.01,50000.0,0.124
POSSE,BOTAFOGO,1,"50.000,01 a 100.000 m²",50000.01,100000.0,0.087
POSSE,BOTAFOGO,1,"100.000,01 a 500.000 m²",100000.01,500000.0,0.069
POSSE,BOTAFOGO,1,"500.000,01 a 1.000.000 m²",500000.01,1000000.0,0.059
POSSE,BOTAFOGO,1,acima de  1.000.000 m²,1000000.0,,0.05
POSSE,BOTAFOGO,2,até 500 m²,0.0,500.0,0.5624
POSSE,BOTAFOGO,2,"500,01 a 1.500 m²",500.01,1500.0,0.3936
POSSE,BOTAFOGO,2,"1.500,01 a 5.000 m²",1500.01,5000.0,0.236
POSSE,BOTAFOGO,2,"5.000,01 a 20.000 m²",5000.01,20000.0,0.177
POSSE,BOTAFOGO,2,"20.000,01 a 50.000 m²",20000.01,50000.0,0.124
POSSE,BOTAFOGO,2,"50.000,01 a 100.000 m²",50000.01,100000.0,0.087
POSSE,BOTAFOGO,2,"100.000,01 a 500.000 m²",100000.01,500000.0,0.069
POSSE,BOTAFOGO,2,"500.000,01 a 1.000.000 m²",500000.01,1000000.0,0.059
POSSE,BOTAFOGO,2,acima de  1.000.000 m²,1000000.0,,0.05
POSSE,CARMARY,1,até 500 m²,0.0,500.0,0.703
POSSE,CARMARY,1,"500,01 a 1.500 m²",500.01,1500.0,0.492
POSSE,CARMARY,1,"1.500,01 a 5.000 m²",1500.01,5000.0,0.295
POSSE,CARMARY,1,"5.000,01 a 20.000 m²",5000.01,20000.0,0.177
POSSE,CARMARY,1,"20.000,01 a 50.000 m²",20000.01,50000.0,0.124
POSSE,CARMARY,1,"50.000,01 a 100.000 m²",50000.01,100000.0,0.087
POSSE,CARMARY,1,"100.000,01 a 500.000 m²",100000.01,500000.0,0.069
POSSE,CARMARY,1,"500.000,01 a 1.000.000 m²",500000.01,1000000.0,0.059
POSSE,CARMARY,1,acima de  1.000.000 m²,1000000.0,,0.05
POSSE,CARMARY,2,até 500 m²,0.0,500.0,0.703
POSSE,CARMARY,2,"500,01 a 1.500 m²",500.01,1500.0,0.492
POSSE,CARMARY,2,"1.500,01 a 5.000 m²",1500.01,5000.0,0.295
POSSE,CARMARY,2,"5.000,01 a 20.000 m²",5000.01,20000.0,0.177
POSSE,CARMARY,2,"20.000,01 a 50.000 m²",20000.01,50000.0,0.124
POSSE,CARMARY,2,"50.000,01 a 100.000 m²",50000.01,100000.0,0.087
POSSE,CARMARY,2,"100.000,01 a 500.000 m²",100000.01,500000.0,0.069
POSSE,CARMARY,2,"500.000,01 a 1.000.000 m²",500000.01,1000000.0,0.059
POSSE,CARMARY,2,acima de  1.000.000 m²,1000000.0,,0.05
POSSE,CARMARY,3,até 500 m²,0.0,500.0,0.5624
POSSE,CARMARY,3,"500,01 a 1.500 m²",500.01,1500.0,0.3936
POSSE,CARMARY,3,"1.500,01 a 5.000 m²",1500.01,5000.0,0.236
POSSE,CARMARY,3,"5.000,01 a 20.000 m²",5000.01,20000.0,0.177
POSSE,CARMARY,3,"20.000,01 a 50.000 m²",20000.01,50000.0,0.124
POSSE,CARMARY,3,"50.000,01 a 100.000 m²",50000.01,100000.0,0.087
POSSE,CARMARY,3,"100.000,01 a 500.000 m²",100000.01,500000.0,0.069
POSSE,CARMARY,3,"500.000,01 a 1.000.000 m²",500000.01,1000000.0,0.059
POSSE,CARMARY,3,acima de  1.000.000 m²,1000000.0,,0.05
POSSE,NOVA AMÉRICA,1,até 500 m²,0.0,500.0,0.703
POSSE,NOVA AMÉRICA,1,"500,01 a 1.500 m²",500.01,1500.0,0.492
POSSE,NOVA AMÉRICA,1,"1.500,01 a 5.000 m²",1500.01,5000.0,0.295
POSSE,NOVA AMÉRICA,1,"5.000,01 a 20.000 m²",5000.01,20000.0,0.177
POSSE,NOVA AMÉRICA,1,"20.000,01 a 50.000 m²",20000.01,50000.0,0.124
POSSE,NOVA AMÉRICA,1,"50.000,01 a 100.000 m²",50000.01,100000.0,0.087
POSSE,NOVA AMÉRICA,1,"100.000,01 a 500.000 m²",100000.01,500000.0,0.069
POSSE,NOVA AMÉRICA,1,"500.000,01 a 1.000.000 m²",500000.01,1000000.0,0.059
POSSE,NOVA AMÉRICA,1,acima de  1.000.000 m²,1000000.0,,0.05
POSSE,NOVA AMÉRICA,2,até 500 m²,0.0,500.0,0.6327
POSSE,NOVA AMÉRICA,2,"500,01 a 1.500 m²",500.01,1500.0,0.4428
POSSE,NOVA AMÉRICA,2,"1.500,01 a 5.000 m²",1500.01,5000.0,0.2655
POSSE,NOVA AMÉRICA,2,"5.000,01 a 20.000 m²",5000.01,20000.0,0.177
POSSE,NOVA AMÉRICA,2,"20.000,01 a 50.000 m²",20000.01,50000.0,0.124
POSSE,NOVA AMÉRICA,2,"50.000,01 a 100.000 m²",50000.01,100000.0,0.087
POSSE,NOVA AMÉRICA,2,"100.000,01 a 500.000 m²",100000.01,500000.0,0.069
POSSE,NOVA AMÉRICA,2,"500.000,01 a 1.000.000 m²",500000.01,1000000.0,0.059
POSSE,NOVA AMÉRICA,2,acima de  1.000.000 m²,1000000.0,,0.05
POSSE,NOVA AMÉRICA,3,até 500 m²,0.0,500.0,0.5624
POSSE,NOVA AMÉRICA,3,"500,01 a 1.500 m²",500.01,1500.0,0.3936
POSSE,NOVA AMÉRICA,3,"1.500,01 a 5.000 m²",1500.01,5000.0,0.236
POSSE,NOVA AMÉRICA,3,"5.000,01 a 20.000 m²",5000.01,20000.0,0.177
POSSE,NOVA AMÉRICA,3,"20.000,01 a 50.000 m²",20000.01,50000.0,0.124
POSSE,NOVA AMÉRICA,3,"50.000,01 a 100.000 m²",50000.01,100000.0,0.087
POSSE,NOVA AMÉRICA,3,"100.000,01 a 500.000 m²",100000.01,500000.0,0.069
POSSE,NOVA AMÉRICA,3,"500.000,01 a 1.000.000 m²",500000.01,1000000.0,0.059
POSSE,NOVA AMÉRICA,3,acima de  1.000.000 m²,1000000.0,,0.05
POSSE,AMBAÍ,1,até 500 m²,0.0,500.0,0.669
POSSE,AMBAÍ,1,"500,01 a 1.500 m²",500.01,1500.0,0.469
POSSE,AMBAÍ,1,"1.500,01 a 5.000 m²",1500.01,5000.0,0.281
POSSE,AMBAÍ,1,"5.000,01 a 20.000 m²",5000.01,20000.0,0.169
POSSE,AMBAÍ,1,"20.000,01 a 50.000 m²",20000.01,50000.0,0.118
POSSE,AMBAÍ,1,"50.000,01 a 100.000 m²",50000.01,100000.0,0.083
POSSE,AMBAÍ,1,"100.000,01 a 500.000 m²",100000.01,500000.0,0.066
POSSE,AMBAÍ,1,"500.000,01 a 1.000.000 m²",500000.01,1000000.0,0.056
POSSE,AMBAÍ,1,acima de  1.000.000 m²,1000000.0,,0.048
POSSE,AMBAÍ,2,até 500 m²,0.0,500.0,0.669
POSSE,AMBAÍ,2,"500,01 a 1.500 m²",500.01,1500.0,0.469
POSSE,AMBAÍ,2,"1.500,01 a 5.000 m²",1500.01,5000.0,0.281
POSSE,AMBAÍ,2,"5.000,01 a 20.000 m²",5000.01,20000.0,0.169
POSSE,AMBAÍ,2,"20.000,01 a 50.000 m²",20000.01,50000.0,0.118
POSSE,AMBAÍ,2,"50.000,01 a 100.000 m²",50000.01,100000.0,0.083
POSSE,AMBAÍ,2,"100.000,01 a 500.000 m²",100000.01,500000.0,0.066
POSSE,AMBAÍ,2,"500.000,01 a 1.000.000 m²",500000.01,1000000.0,0.056
POSSE,AMBAÍ,2,acima de  1.000.000 m²,1000000.0,,0.048
POSSE,AMBAÍ,3,até 500 m²,0.0,500.0,0.5352
POSSE,AMBAÍ,3,"500,01 a 1.500 m²",500.01,1500.0,0.3752
POSSE,AMBAÍ,3,"1.500,01 a 5.000 m²",1500.01,5000.0,0.2248
POSSE,AMBAÍ,3,"5.000,01 a 20.000 m²",5000.01,20000.0,0.169
POSSE,AMBAÍ,3,"20.000,01 a 50.000 m²",20000.01,50000.0,0.118
POSSE,AMBAÍ,3,"50.000,01 a 100.000 m²",50000.01,100000.0,0.083
POSSE,AMBAÍ,3,"100.000,01 a 500.000 m²",100000.01,500000.0,0.066
POSSE,AMBAÍ,3,"500.000,01 a 1.000.000 m²",500000.01,1000000.0,0.056
POSSE,AMBAÍ,3,acima de  1.000.000 m²,1000000.0,,0.048
POSSE,AMBAÍ,4,até 500 m²,0.0,500.0,0.5352
POSSE,AMBAÍ,4,"500,01 a 1.500 m²",500.01,1500.0,0.3752
POSSE,AMBAÍ,4,"1.500,01 a 5.000 m²",1500.01,5000.0,0.2248
POSSE,AMBAÍ,4,"5.000,01 a 20.000 m²",5000.01,20000.0,0.169
POSSE,AMBAÍ,4,"20.000,01 a 50.000 m²",20000.01,50000.0,0.118
POSSE,AMBAÍ,4,"50.000,01 a 100.000 m²",50000.01,100000.0,0.083
POSSE,AMBAÍ,4,"100.000,01 a 500.000 m²",100000.01,500000.0,0.066
POSSE,AMBAÍ,4,"500.000,01 a 1.000.000 m²",500000.01,1000000.0,0.056
POSSE,AMBAÍ,4,acima de  1.000.000 m²,1000000.0,,0.048
POSSE,PARQUE FLORA,1,até 500 m²,0.0,500.0,0.669
POSSE,PARQUE FLORA,1,"500,01 a 1.500 m²",500.01,1500.0,0.469
POSSE,PARQUE FLORA,1,"1.500,01 a 5.000 m²",1500.01,5000.0,0.281
POSSE,PARQUE FLORA,1,"5.000,01 a 20.000 m²",5000.01,20000.0,0.169
POSSE,PARQUE FLORA,1,"20.000,01 a 50.000 m²",20000.01,50000.0,0.118
POSSE,PARQUE FLORA,1,"50.000,01 a 100.000 m²",50000.01,100000.0,0.083
POSSE,PARQUE FLORA,1,"100.000,01 a 500.000 m²",100000.01,500000.0,0.066
POSSE,PARQUE FLORA,1,"500.000,01 a 1.000.000 m²",500000.01,1000000.0,0.056
POSSE,PARQUE FLORA,1,acima de  1.000.000 m²,1000000.0,,0.048
POSSE,PARQUE FLORA,2,até 500 m²,0.0,500.0,0.669
POSSE,PARQUE FLORA,2,"500,01 a 1.500 m²",500.01,1500.0,0.469
POSSE,PARQUE FLORA,2,"1.500,01 a 5.000 m²",1500.01,5000.0,0.281
POSSE,PARQUE FLORA,2,"5.000,01 a 20.000 m²",5000.01,20000.0,0.169
POSSE,PARQUE FLORA,2,"20.000,01 a 50.000 m²",20000.01,50000.0,0.118
POSSE,PARQUE FLORA,2,"50.000,01 a 100.000 m²",50000.01,100000.0,0.083
POSSE,PARQUE FLORA,2,"100.000,01 a 500.000 m²",100000.01,500000.0,0.066
POSSE,PARQUE FLORA,2,"500.000,01 a 1.000.000 m²",500000.01,1000000.0,0.056
POSSE,PARQUE FLORA,2,acima de  1.000.000 m²,1000000.0,,0.048
POSSE,PARQUE FLORA,3,até 500 m²,0.0,500.0,0.5352
POSSE,PARQUE FLORA,3,"500,01 a 1.500 m²",500.01,1500.0,0.3752
POSSE,PARQUE FLORA,3,"1.500,01 a 5.000 m²",1500.01,5000.0,0.2248
POSSE,PARQUE FLORA,3,"5.000,01 a 20.000 m²",5000.01,20000.0,0.169
POSSE,PARQUE FLORA,3,"20.000,01 a 50.000 m²",20000.01,50000.0,0.118
POSSE,PARQUE FLORA,3,"50.000,01 a 100.000 m²",50000.01,100000.0,0.083
POSSE,PARQUE FLORA,3,"100.000,01 a 500.000 m²",100000.01,500000.0,0.066
POSSE,PARQUE FLORA,3,"500.000,01 a 1.000.000 m²",500000.01,1000000.0,0.056
POSSE,PARQUE FLORA,3,acima de  1.000.000 m²,1000000.0,,0.048
COMENDADOR SOARES,COMENDADOR SOARES,1,até 500 m²,0.0,500.0,1.339
COMENDADOR SOARES,COMENDADOR SOARES,1,"500,01 a 1.500 m²",500.01,1500.0,0.937
COMENDADOR SOARES,COMENDADOR SOARES,1,"1.500,01 a 5.000 m²",1500.01,5000.0,0.562
COMENDADOR SOARES,COMENDADOR SOARES,1,"5.000,01 a 20.000 m²",5000.01,20000.0,0.337
COMENDADOR SOARES,COMENDADOR SOARES,1,"20.000,01 a 50.000 m²",20000.01,50000.0,0.236
COMENDADOR SOARES,COMENDADOR SOARES,1,"50.000,01 a 100.000 m²",50000.01,100000.0,0.165
COMENDADOR SOARES,COMENDADOR SOARES,1,"100.000,01 a 500.000 m²",100000.01,500000.0,0.132
COMENDADOR SOARES,COMENDADOR SOARES,1,"500.000,01 a 1.000.000 m²",500000.01,1000000.0,0.112
COMENDADOR SOARES,COMENDADOR SOARES,1,acima de  1.000.000 m²,1000000.0,,0.096
COMENDADOR SOARES,COMENDADOR SOARES,2,até 500 m²,0.0,500.0,1.339
COMENDADOR SOARES,COMENDADOR SOARES,2,"500,01 a 1.500 m²",500.01,1500.0,0.937
COMENDADOR SOARES,COMENDADOR SOARES,2,"1.500,01 a 5.000 m²",1500.01,5000.0,0.562
COMENDADOR SOARES,COMENDADOR SOARES,2,"5.000,01 a 20.000 m²",5000.01,20000.0,0.337
COMENDADOR SOARES,COMENDADOR SOARES,2,"20.000,01 a 50.000 m²",20000.01,50000.0,0.236
COMENDADOR SOARES,COMENDADOR SOARES,2,"50.000,01 a 100.000 m²",50000.01,100000.0,0.165
COMENDADOR SOARES,COMENDADOR SOARES,2,"100.000,01 a 500.000 m²",100000.01,500000.0,0.132
COMENDADOR SOARES,COMENDADOR SOARES,2,"500.000,01 a 1.000.000 m²",500000.01,1000000.0,0.112
COMENDADOR SOARES,COMENDADOR SOARES,2,acima de  1.000.000 m²,1000000.0,,0.096
COMENDADOR SOARES,COMENDADOR SOARES,3,até 500 m²,0.0,500.0,1.2051
COMENDADOR SOARES,COMENDADOR SOARES,3,"500,01 a 1.500 m²",500.01,1500.0,0.8433
COMENDADOR SOARES,COMENDADOR SOARES,3,"1.500,01 a 5.000 m²",1500.01,5000.0,0.5058
COMENDADOR SOARES,COMENDADOR SOARES,3,"5.000,01 a 20.000 m²",5000.01,20000.0,0.337
COMENDADOR SOARES,COMENDADOR SOARES,3,"20.000,01 a 50.000 m²",20000.01,50000.0,0.236
COMENDADOR SOARES,COMENDADOR SOARES,3,"50.000,01 a 100.000 m²",50000.01,100000.0,0.165
COMENDADOR SOARES,COMENDADOR SOARES,3,"100.000,01 a 500.000 m²",100000.01,500000.0,0.132
COMENDADOR SOARES,COMENDADOR SOARES,3,"500.000,01 a 1.000.000 m²",500000.01,1000000.0,0.112
COMENDADOR SOARES,COMENDADOR SOARES,3,acima de  1.000.000 m²,1000000.0,,0.096
COMENDADOR SOARES,COMENDADOR SOARES,4,até 500 m²,0.0,500.0,1.0712
COMENDADOR SOARES,COMENDADOR SOARES,4,"500,01 a 1.500 m²",500.01,1500.0,0.7496
COMENDADOR SOARES,COMENDADOR SOARES,4,"1.500,01 a 5.000 m²",1500.01,5000.0,0.4496
COMENDADOR SOARES,COMENDADOR SOARES,4,"5.000,01 a 20.000 m²",5000.01,20000.0,0.337
COMENDADOR SOARES,COMENDADOR SOARES,4,"20.000,01 a 50.000 m²",20000.01,50000.0,0.236
COMENDADOR SOARES,COMENDADOR SOARES,4,"50.000,01 a 100.000 m²",50000.01,100000.0,0.165
COMENDADOR SOARES,COMENDADOR SOARES,4,"100.000,01 a 500.000 m²",100000.01,500000.0,0.132
COMENDADOR SOARES,COMENDADOR SOARES,4,"500.000,01 a 1.000.000 m²",500000.01,1000000.0,0.112
COMENDADOR SOARES,COMENDADOR SOARES,4,acima de  1.000.000 m²,1000000.0,,0.096
COMENDADOR SOARES,JARDIM ALVORADA,1,até 500 m²,0.0,500.0,0.904
COMENDADOR SOARES,JARDIM ALVORADA,1,"500,01 a 1.500 m²",500.01,1500.0,0.633
COMENDADOR SOARES,JARDIM ALVORADA,1,"1.500,01 a 5.000 m²",1500.01,5000.0,0.38
COMENDADOR SOARES,JARDIM ALVORADA,1,"5.000,01 a 20.000 m²",5000.01,20000.0,0.228
COMENDADOR SOARES,JARDIM ALVORADA,1,"20.000,01 a 50.000 m²",20000.01,50000.0,0.159
COMENDADOR SOARES,JARDIM ALVORADA,1,"50.000,01 a 100.000 m²",50000.01,100000.0,0.112
COMENDADOR SOARES,JARDIM ALVORADA,1,"100.000,01 a 500.000 m²",100000.01,500000.0,0.089
COMENDADOR SOARES,JARDIM ALVORADA,1,"500.000,01 a 1.000.000 m²",500000.01,1000000.0,0.076
COMENDADOR SOARES,JARDIM ALVORADA,1,acima de  1.000.000 m²,1000000.0,,0.064
COMENDADOR SOARES,JARDIM ALVORADA,2,até 500 m²,0.0,500.0,0.904
COMENDADOR SOARES,JARDIM ALVORADA,2,"500,01 a 1.500 m²",500.01,1500.0,0.633
COMENDADOR SOARES,JARDIM ALVORADA,2,"1.500,01 a 5.000 m²",1500.01,5000.0,0.38
COMENDADOR SOARES,JARDIM ALVORADA,2,"5.000,01 a 20.000 m²",5000.01,20000.0,0.228
COMENDADOR SOARES,JARDIM ALVORADA,2,"20.000,01 a 50.000 m²",20000.01,50000.0,0.159
COMENDADOR SOARES,JARDIM ALVORADA,2,"50.000,01 a 100.000 m²",50000.01,100000.0,0.112
COMENDADOR SOARES,JARDIM ALVORADA,2,"100.000,01 a 500.000 m²",100000.01,500000.0,0.089
COMENDADOR SOARES,JARDIM ALVORADA,2,"500.000,01 a 1.000.000 m²",500000.01,1000000.0,0.076
COMENDADOR SOARES,JARDIM ALVORADA,2,acima de  1.000.000 m²,1000000.0,,0.064
COMENDADOR SOARES,JARDIM ALVORADA,3,até 500 m²,0.0,500.0,0.904
COMENDADOR SOARES,JARDIM ALVORADA,3,"500,01 a 1.500 m²",500.01,1500.0,0.633
COMENDADOR SOARES,JARDIM ALVORADA,3,"1.500,01 a 5.000 m²",1500.01,5000.0,0.38
COMENDADOR SOARES,JARDIM ALVORADA,3,"5.000,01 a 20.000 m²",5000.01,20000.0,0.228
COMENDADOR SOARES,JARDIM ALVORADA,3,"20.000,01 a 50.000 m²",20000.01,50000.0,0.159
COMENDADOR SOARES,JARDIM ALVORADA,3,"50.000,01 a 100.000 m²",50000.01,100000.0,0.112
COMENDADOR SOARES,JARDIM ALVORADA,3,"100.000,01 a 500.000 m²",100000.01,500000.0,0.089
COMENDADOR SOARES,JARDIM ALVORADA,3,"500.000,01 a 1.000.000 m²",500000.01,1000000.0,0.076
COMENDADOR SOARES,JARDIM ALVORADA,3,acima de  1.000.000 m²,1000000.0,,0.064
COMENDADOR SOARES,JARDIM ALVORADA,4,até 500 m²,0.0,500.0,0.904
COMENDADOR SOARES,JARDIM ALVORADA,4,"500,01 a 1.500 m²",500.01,1500.0,0.633
COMENDADOR SOARES,JARDIM ALVORADA,4,"1.500,01 a 5.000 m²",1500.01,5000.0,0.38
COMENDADOR SOARES,JARDIM ALVORADA,4,"5.000,01 a 20.000 m²",5000.01,20000.0,0.228
COMENDADOR SOARES,JARDIM ALVORADA,4,"20.000,01 a 50.000 m²",20000.01,50000.0,0.159
COMENDADOR SOARES,JARDIM ALVORADA,4,"50.000,01 a 100.000 m²",50000.01,100000.0,0.112
COMENDADOR SOARES,JARDIM ALVORADA,4,"100.000,01 a 500.000 m²",100000.01,500000.0,0.089
COMENDADOR SOARES,JARDIM ALVORADA,4,"500.000,01 a 1.000.000 m²",500000.01,1000000.0,0.076
COMENDADOR SOARES,JARDIM ALVORADA,4,acima de  1.000.000 m²,1000000.0,,0.064
COMENDADOR SOARES,JARDIM ALVORADA,5,até 500 m²,0.0,500.0,0.8136
COMENDADOR SOARES,JARDIM ALVORADA,5,"500,01 a 1.500 m²",500.01,1500.0,0.5697
COMENDADOR SOARES,JARDIM ALVORADA,5,"1.500,01 a 5.000 m²",1500.01,5000.0,0.342
COMENDADOR SOARES,JARDIM ALVORADA,5,"5.000,01 a 20.000 m²",5000.01,20000.0,0.228
COMENDADOR SOARES,JARDIM ALVORADA,5,"20.000,01 a 50.000 m²",20000.01,50000.0,0.159
COMENDADOR SOARES,JARDIM ALVORADA,5,"50.000,01 a 100.000 m²",50000.01,100000.0,0.112
COMENDADOR SOARES,JARDIM ALVORADA,5,"100.000,01 a 500.000 m²",100000.01,500000.0,0.089
COMENDADOR SOARES,JARDIM ALVORADA,5,"500.000,01 a 1.000.000 m²",500000.01,1000000.0,0.076
COMENDADOR SOARES,JARDIM ALVORADA,5,acima de  1.000.000 m²,1000000.0,,0.064
COMENDADOR SOARES,JARDIM ALVORADA,6,até 500 m²,0.0,500.0,0.8136
COMENDADOR SOARES,JARDIM ALVORADA,6,"500,01 a 1.500 m²",500.01,1500.0,0.5697
COMENDADOR SOARES,JARDIM ALVORADA,6,"1.500,01 a 5.000 m²",1500.01,5000.0,0.342
COMENDADOR SOARES,JARDIM ALVORADA,6,"5.000,01 a 20.000 m²",5000.01,20000.0,0.228
COMENDADOR SOARES,JARDIM ALVORADA,6,"20.000,01 a 50.000 m²",20000.01,50000.0,0.159
COMENDADOR SOARES,JARDIM ALVORADA,6,"50.000,01 a 100.000 m²",50000.01,100000.0,0.112
COMENDADOR SOARES,JARDIM ALVORADA,6,"100.000,01 a 500.000 m²",100000.01,500000.0,0.089
COMENDADOR SOARES,JARDIM ALVORADA,6,"500.000,01 a 1.000.000 m²",500000.01,1000000.0,0.076
COMENDADOR SOARES,JARDIM ALVORADA,6,acima de  1.000.000 m²,1000000.0,,0.064
COMENDADOR SOARES,DANON,1,até 500 m²,0.0,500.0,0.904
COMENDADOR SOARES,DANON,1,"500,01 a 1.500 m²",500.01,1500.0,0.633
COMENDADOR SOARES,DANON,1,"1.500,01 a 5.000 m²",1500.01,5000.0,0.38
COMENDADOR SOARES,DANON,1,"5.000,01 a 20.000 m²",5000.01,20000.0,0.228
COMENDADOR SOARES,DANON,1,"20.000,01 a 50.000 m²",20000.01,50000.0,0.159
COMENDADOR SOARES,DANON,1,"50.000,01 a 100.000 m²",50000.01,100000.0,0.112
COMENDADOR SOARES,DANON,1,"100.000,01 a 500.000 m²",100000.01,500000.0,0.089
COMENDADOR SOARES,DANON,1,"500.000,01 a 1.000.000 m²",500000.01,1000000.0,0.076
COMENDADOR SOARES,DANON,1,acima de  1.000.000 m²,1000000.0,,0.064
COMENDADOR SOARES,DANON,2,até 500 m²,0.0,500.0,0.8136
COMENDADOR SOARES,DANON,2,"500,01 a 1.500 m²",500.01,1500.0,0.5697
COMENDADOR SOARES,DANON,2,"1.500,01 a 5.000 m²",1500.01,5000.0,0.342
COMENDADOR SOARES,DANON,2,"5.000,01 a 20.000 m²",5000.01,20000.0,0.228
COMENDADOR SOARES,DANON,2,"20.000,01 a 50.000 m²",20000.01,50000.0,0.159
COMENDADOR SOARES,DANON,2,"50.000,01 a 100.000 m²",50000.01,100000.0,0.112
COMENDADOR SOARES,DANON,2,"100.000,01 a 500.000 m²",100000.01,500000.0,0.089
COMENDADOR SOARES,DANON,2,"500.000,01 a 1.000.000 m²",500000.01,1000000.0,0.076
COMENDADOR SOARES,DANON,2,acima de  1.000.000 m²,1000000.0,,0.064
COMENDADOR SOARES,ROSA DOS VENTOS,1,até 500 m²,0.0,500.0,0.736
COMENDADOR SOARES,ROSA DOS VENTOS,1,"500,01 a 1.500 m²",500.01,1500.0,0.515
COMENDADOR SOARES,ROSA DOS VENTOS,1,"1.500,01 a 5.000 m²",1500.01,5000.0,0.309
COMENDADOR SOARES,ROSA DOS VENTOS,1,"5.000,01 a 20.000 m²",5000.01,20000.0,0.186
COMENDADOR SOARES,ROSA DOS VENTOS,1,"20.000,01 a 50.000 m²",20000.01,50000.0,0.13
COMENDADOR SOARES,ROSA DOS VENTOS,1,"50.000,01 a 100.000 m²",50000.01,100000.0,0.091
COMENDADOR SOARES,ROSA DOS VENTOS,1,"100.000,01 a 500.000 m²",100000.01,500000.0,0.073
COMENDADOR SOARES,ROSA DOS VENTOS,1,"500.000,01 a 1.000.000 m²",500000.01,1000000.0,0.062
COMENDADOR SOARES,ROSA DOS VENTOS,1,acima de  1.000.000 m²,1000000.0,,0.053
COMENDADOR SOARES,ROSA DOS VENTOS,2,até 500 m²,0.0,500.0,0.736
COMENDADOR SOARES,ROSA DOS VENTOS,2,"500,01 a 1.500 m²",500.01,1500.0,0.515
COMENDADOR SOARES,ROSA DOS VENTOS,2,"1.500,01 a 5.000 m²",1500.01,5000.0,0.309
COMENDADOR SOARES,ROSA DOS VENTOS,2,"5.000,01 a 20.000 m²",5000.01,20000.0,0.186
COMENDADOR SOARES,ROSA DOS VENTOS,2,"20.000,01 a 50.000 m²",20000.01,50000.0,0.13
COMENDADOR SOARES,ROSA DOS VENTOS,2,"50.000,01 a 100.000 m²",50000.01,100000.0,0.091
COMENDADOR SOARES,ROSA DOS VENTOS,2,"100.000,01 a 500.000 m²",100000.01,500000.0,0.073
COMENDADOR SOARES,ROSA DOS VENTOS,2,"500.000,01 a 1.000.000 m²",500000.01,1000000.0,0.062
COMENDADOR SOARES,ROSA DOS VENTOS,2,acima de  1.000.000 m²,1000000.0,,0.053
COMENDADOR SOARES,ROSA DOS VENTOS,3,até 500 m²,0.0,500.0,0.736
COMENDADOR SOARES,ROSA DOS VENTOS,3,"500,01 a 1.500 m²",500.01,1500.0,0.515
COMENDADOR SOARES,ROSA DOS VENTOS,3,"1.500,01 a 5.000 m²",1500.01,5000.0,0.309
COMENDADOR SOARES,ROSA DOS VENTOS,3,"5.000,01 a 20.000 m²",5000.01,20000.0,0.186
COMENDADOR SOARES,ROSA DOS VENTOS,3,"20.000,01 a 50.000 m²",20000.01,50000.0,0.13
COMENDADOR SOARES,ROSA DOS VENTOS,3,"50.000,01 a 100.000 m²",50000.01,100000.0,0.091
COMENDADOR SOARES,ROSA DOS VENTOS,3,"100.000,01 a 500.000 m²",100000.01,500000.0,0.073
COMENDADOR SOARES,ROSA DOS VENTOS,3,"500.000,01 a 1.000.000 m²",500000.01,1000000.0,0.062
COMENDADOR SOARES,ROSA DOS VENTOS,3,acima de  1.000.000 m²,1000000.0,,0.053
COMENDADOR SOARES,ROSA DOS VENTOS,4,até 500 m²,0.0,500.0,0.6624
COMENDADOR SOARES,ROSA DOS VENTOS,4,"500,01 a 1.500 m²",500.01,1500.0,0.4635
COMENDADOR SOARES,ROSA DOS VENTOS,4,"1.500,01 a 5.000 m²",1500.01,5000.0,0.2781
COMENDADOR SOARES,ROSA DOS VENTOS,4,"5.000,01 a 20.000 m²",5000.01,20000.0,0.186
COMENDADOR SOARES,ROSA DOS VENTOS,4,"20.000,01 a 50.000 m²",20000.01,50000.0,0.13
COMENDADOR SOARES,ROSA DOS VENTOS,4,"50.000,01 a 100.000 m²",50000.01,100000.0,0.091
COMENDADOR SOARES,ROSA DOS VENTOS,4,"100.000,01 a 500.000 m²",100000.01,500000.0,0.073
COMENDADOR SOARES,ROSA DOS VENTOS,4,"500.000,01 a 1.000.000 m²",500000.01,1000000.0,0.062
COMENDADOR SOARES,ROSA DOS VENTOS,4,acima de  1.000.000 m²,1000000.0,,0.053
COMENDADOR SOARES,JD NOVA ERA,1,até 500 m²,0.0,500.0,0.703
COMENDADOR SOARES,JD NOVA ERA,1,"500,01 a 1.500 m²",500.01,1500.0,0.492
COMENDADOR SOARES,JD NOVA ERA,1,"1.500,01 a 5.000 m²",1500.01,5000.0,0.295
COMENDADOR SOARES,JD NOVA ERA,1,"5.000,01 a 20.000 m²",5000.01,20000.0,0.177
COMENDADOR SOARES,JD NOVA ERA,1,"20.000,01 a 50.000 m²",20000.01,50000.0,0.124
COMENDADOR SOARES,JD NOVA ERA,1,"50.000,01 a 100.000 m²",50000.01,100000.0,0.087
COMENDADOR SOARES,JD NOVA ERA,1,"100.000,01 a 500.000 m²",100000.01,500000.0,0.069
COMENDADOR SOARES,JD NOVA ERA,1,"500.000,01 a 1.000.000 m²",500000.01,1000000.0,0.059
COMENDADOR SOARES,JD NOVA ERA,1,acima de  1.000.000 m²,1000000.0,,0.05
COMENDADOR SOARES,JD NOVA ERA,2,até 500 m²,0.0,500.0,0.5624
COMENDADOR SOARES,JD NOVA ERA,2,"500,01 a 1.500 m²",500.01,1500.0,0.3936
COMENDADOR SOARES,JD NOVA ERA,2,"1.500,01 a 5.000 m²",1500.01,5000.0,0.236
COMENDADOR SOARES,JD NOVA ERA,2,"5.000,01 a 20.000 m²",5000.01,20000.0,0.177
COMENDADOR SOARES,JD NOVA ERA,2,"20.000,01 a 50.000 m²",20000.01,50000.0,0.124
COMENDADOR SOARES,JD NOVA ERA,2,"50.000,01 a 100.000 m²",50000.01,100000.0,0.087
COMENDADOR SOARES,JD NOVA ERA,2,"100.000,01 a 500.000 m²",100000.01,500000.0,0.069
COMENDADOR SOARES,JD NOVA ERA,2,"500.000,01 a 1.000.000 m²",500000.01,1000000.0,0.059
COMENDADOR SOARES,JD NOVA ERA,2,acima de  1.000.000 m²,1000000.0,,0.05
COMENDADOR SOARES,JD NOVA ERA,3,até 500 m²,0.0,500.0,0.4921
COMENDADOR SOARES,JD NOVA ERA,3,"500,01 a 1.500 m²",500.01,1500.0,0.3444
COMENDADOR SOARES,JD NOVA ERA,3,"1.500,01 a 5.000 m²",1500.01,5000.0,0.2065
COMENDADOR SOARES,JD NOVA ERA,3,"5.000,01 a 20.000 m²",5000.01,20000.0,0.177
COMENDADOR SOARES,JD NOVA ERA,3,"20.000,01 a 50.000 m²",20000.01,50000.0,0.124
COMENDADOR SOARES,JD NOVA ERA,3,"50.000,01 a 100.000 m²",50000.01,100000.0,0.087
COMENDADOR SOARES,JD NOVA ERA,3,"100.000,01 a 500.000 m²",100000.01,500000.0,0.069
COMENDADOR SOARES,JD NOVA ERA,3,"500.000,01 a 1.000.000 m²",500000.01,1000000.0,0.059
COMENDADOR SOARES,JD NOVA ERA,3,acima de  1.000.000 m²,1000000.0,,0.05
COMENDADOR SOARES,JD PALMARES,1,até 500 m²,0.0,500.0,0.669
COMENDADOR SOARES,JD PALMARES,1,"500,01 a 1.500 m²",500.01,1500.0,0.469
COMENDADOR SOARES,JD PALMARES,1,"1.500,01 a 5.000 m²",1500.01,5000.0,0.281
COMENDADOR SOARES,JD PALMARES,1,"5.000,01 a 20.000 m²",5000.01,20000.0,0.169
COMENDADOR SOARES,JD PALMARES,1,"20.000,01 a 50.000 m²",20000.01,50000.0,0.118
COMENDADOR SOARES,JD PALMARES,1,"50.000,01 a 100.000 m²",50000.01,100000.0,0.083
COMENDADOR SOARES,JD PALMARES,1,"100.000,01 a 500.000 m²",100000.01,500000.0,0.066
COMENDADOR SOARES,JD PALMARES,1,"500.000,01 a 1.000.000 m²",500000.01,1000000.0,0.056
COMENDADOR SOARES,JD PALMARES,1,acima de  1.000.000 m²,1000000.0,,0.048
COMENDADOR SOARES,JD PALMARES,2,até 500 m²,0.0,500.0,0.6021
COMENDADOR SOARES,JD PALMARES,2,"500,01 a 1.500 m²",500.01,1500.0,0.4221
COMENDADOR SOARES,JD PALMARES,2,"1.500,01 a 5.000 m²",1500.01,5000.0,0.2529
COMENDADOR SOARES,JD PALMARES,2,"5.000,01 a 20.000 m²",5000.01,20000.0,0.169
COMENDADOR SOARES,JD PALMARES,2,"20.000,01 a 50.000 m²",20000.01,50000.0,0.118
COMENDADOR SOARES,JD PALMARES,2,"50.000,01 a 100.000 m²",50000.01,100000.0,0.083
COMENDADOR SOARES,JD PALMARES,2,"100.000,01 a 500.000 m²",100000.01,500000.0,0.066
COMENDADOR SOARES,JD PALMARES,2,"500.000,01 a 1.000.000 m²",500000.01,1000000.0,0.056
COMENDADOR SOARES,JD PALMARES,2,acima de  1.000.000 m²,1000000.0,,0.048
COMENDADOR SOARES,JD PALMARES,3,até 500 m²,0.0,500.0,0.5352
COMENDADOR SOARES,JD PALMARES,3,"500,01 a 1.500 m²",500.01,1500.0,0.3752
COMENDADOR SOARES,JD PALMARES,3,"1.500,01 a 5.000 m²",1500.01,5000.0,0.2248
COMENDADOR SOARES,JD PALMARES,3,"5.000,01 a 20.000 m²",5000.01,20000.0,0.169
COMENDADOR SOARES,JD PALMARES,3,"20.000,01 a 50.000 m²",20000.01,50000.0,0.118
COMENDADOR SOARES,JD PALMARES,3,"50.000,01 a 100.000 m²",50000.01,100000.0,0.083
COMENDADOR SOARES,JD PALMARES,3,"100.000,01 a 500.000 m²",100000.01,500000.0,0.066
COMENDADOR SOARES,JD PALMARES,3,"500.000,01 a 1.000.000 m²",500000.01,1000000.0,0.056
COMENDADOR SOARES,JD PALMARES,3,acima de  1.000.000 m²,1000000.0,,0.048
COMENDADOR SOARES,JD PALMARES,4,até 500 m²,0.0,500.0,0.4683
COMENDADOR SOARES,JD PALMARES,4,"500,01 a 1.500 m²",500.01,1500.0,0.3283
COMENDADOR SOARES,JD PALMARES,4,"1.500,01 a 5.000 m²",1500.01,5000.0,0.1967
COMENDADOR SOARES,JD PALMARES,4,"5.000,01 a 20.000 m²",5000.01,20000.0,0.169
COMENDADOR SOARES,JD PALMARES,4,"20.000,01 a 50.000 m²",20000.01,50000.0,0.118
COMENDADOR SOARES,JD PALMARES,4,"50.000,01 a 100.000 m²",50000.01,100000.0,0.083
COMENDADOR SOARES,JD PALMARES,4,"100.000,01 a 500.000 m²",100000.01,500000.0,0.066
COMENDADOR SOARES,JD PALMARES,4,"500.000,01 a 1.000.000 m²",500000.01,1000000.0,0.056
COMENDADOR SOARES,JD PALMARES,4,acima de  1.000.000 m²,1000000.0,,0.048
COMENDADOR SOARES,JD PARNAMBUCO,1,até 500 m²,0.0,500.0,0.6021
COMENDADOR SOARES,JD PARNAMBUCO,1,"500,01 a 1.500 m²",500.01,1500.0,0.4221
COMENDADOR SOARES,JD PARNAMBUCO,1,"1.500,01 a 5.000 m²",1500.01,5000.0,0.2529
COMENDADOR SOARES,JD PARNAMBUCO,1,"5.000,01 a 20.000 m²",5000.01,20000.0,0.169
COMENDADOR SOARES,JD PARNAMBUCO,1,"20.000,01 a 50.000 m²",20000.01,50000.0,0.118
COMENDADOR SOARES,JD PARNAMBUCO,1,"50.000,01 a 100.000 m²",50000.01,100000.0,0.083
COMENDADOR SOARES,JD PARNAMBUCO,1,"100.000,01 a 500.000 m²",100000.01,500000.0,0.066
COMENDADOR SOARES,JD PARNAMBUCO,1,"500.000,01 a 1.000.000 m²",500000.01,1000000.0,0.056
COMENDADOR SOARES,JD PARNAMBUCO,1,acima de  1.000.000 m²,1000000.0,,0.048
COMENDADOR SOARES,JD PARNAMBUCO,2,até 500 m²,0.0,500.0,0.5352
COMENDADOR SOARES,JD PARNAMBUCO,2,"500,01 a 1.500 m²",500.01,1500.0,0.3752
COMENDADOR SOARES,JD PARNAMBUCO,2,"1.500,01 a 5.000 m²",1500.01,5000.0,0.2248
COMENDADOR SOARES,JD PARNAMBUCO,2,"5.000,01 a 20.000 m²",5000.01,20000.0,0.169
COMENDADOR SOARES,JD PARNAMBUCO,2,"20.000,01 a 50.000 m²",20000.01,50000.0,0.118
COMENDADOR SOARES,JD PARNAMBUCO,2,"50.000,01 a 100.000 m²",50000.01,100000.0,0.083
COMENDADOR SOARES,JD PARNAMBUCO,2,"100.000,01 a 500.000 m²",100000.01,500000.0,0.066
COMENDADOR SOARES,JD PARNAMBUCO,2,"500.000,01 a 1.000.000 m²",500000.01,1000000.0,0.056
COMENDADOR SOARES,JD PARNAMBUCO,2,acima de  1.000.000 m²,1000000.0,,0.048
COMENDADOR SOARES,JD PARNAMBUCO,3,até 500 m²,0.0,500.0,0.4683
COMENDADOR SOARES,JD PARNAMBUCO,3,"500,01 a 1.500 m²",500.01,1500.0,0.3283
COMENDADOR SOARES,JD PARNAMBUCO,3,"1.500,01 a 5.000 m²",1500.01,5000.0,0.1967
COMENDADOR SOARES,JD PARNAMBUCO,3,"5.000,01 a 20.000 m²",5000.01,20000.0,0.169
COMENDADOR SOARES,JD PARNAMBUCO,3,"20.000,01 a 50.000 m²",20000.01,50000.0,0.118
COMENDADOR SOARES,JD PARNAMBUCO,3,"50.000,01 a 100.000 m²",50000.01,100000.0,0.083
COMENDADOR SOARES,JD PARNAMBUCO,3,"100.000,01 a 500.000 m²",100000.01,500000.0,0.066
COMENDADOR SOARES,JD PARNAMBUCO,3,"500.000,01 a 1.000.000 m²",500000.01,1000000.0,0.056
COMENDADOR SOARES,JD PARNAMBUCO,3,acima de  1.000.000 m²,1000000.0,,0.048
COMENDADOR SOARES,OURO VERDE,1,até 500 m²,0.0,500.0,0.669
COMENDADOR SOARES,OURO VERDE,1,"500,01 a 1.500 m²",500.01,1500.0,0.469
COMENDADOR SOARES,OURO VERDE,1,"1.500,01 a 5.000 m²",1500.01,5000.0,0.281
COMENDADOR SOARES,OURO VERDE,1,"5.000,01 a 20.000 m²",5000.01,20000.0,0.169
COMENDADOR SOARES,OURO VERDE,1,"20.000,01 a 50.000 m²",20000.01,50000.0,0.118
COMENDADOR SOARES,OURO VERDE,1,"50.000,01 a 100.000 m²",50000.01,100000.0,0.083
COMENDADOR SOARES,OURO VERDE,1,"100.000,01 a 500.000 m²",100000.01,500000.0,0.066
COMENDADOR SOARES,OURO VERDE,1,"500.000,01 a 1.000.000 m²",500000.01,1000000.0,0.056
COMENDADOR SOARES,OURO VERDE,1,acima de  1.000.000 m²,1000000.0,,0.048
COMENDADOR SOARES,OURO VERDE,2,até 500 m²,0.0,500.0,0.6021
COMENDADOR SOARES,OURO VERDE,2,"500,01 a 1.500 m²",500.01,1500.0,0.4221
COMENDADOR SOARES,OURO VERDE,2,"1.500,01 a 5.000 m²",1500.01,5000.0,0.2529
COMENDADOR SOARES,OURO VERDE,2,"5.000,01 a 20.000 m²",5000.01,20000.0,0.169
COMENDADOR SOARES,OURO VERDE,2,"20.000,01 a 50.000 m²",20000.01,50000.0,0.118
COMENDADOR SOARES,OURO VERDE,2,"50.000,01 a 100.000 m²",50000.01,100000.0,0.083
COMENDADOR SOARES,OURO VERDE,2,"100.000,01 a 500.000 m²",100000.01,500000.0,0.066
COMENDADOR SOARES,OURO VERDE,2,"500.000,01 a 1.000.000 m²",500000.01,1000000.0,0.056
COMENDADOR SOARES,OURO VERDE,2,acima de  1.000.000 m²,1000000.0,,0.048
COMENDADOR SOARES,OURO VERDE,3,até 500 m²,0.0,500.0,0.6021
COMENDADOR SOARES,OURO VERDE,3,"500,01 a 1.500 m²",500.01,1500.0,0.4221
COMENDADOR SOARES,OURO VERDE,3,"1.500,01 a 5.000 m²",1500.01,5000.0,0.2529
COMENDADOR SOARES,OURO VERDE,3,"5.000,01 a 20.000 m²",5000.01,20000.0,0.169
COMENDADOR SOARES,OURO VERDE,3,"20.000,01 a 50.000 m²",20000.01,50000.0,0.118
COMENDADOR SOARES,OURO VERDE,3,"50.000,01 a 100.000 m²",50000.01,100000.0,0.083
COMENDADOR SOARES,OURO VERDE,3,"100.000,01 a 500.000 m²",100000.01,500000.0,0.066
COMENDADOR SOARES,OURO VERDE,3,"500.000,01 a 1.000.000 m²",500000.01,1000000.0,0.056
COMENDADOR SOARES,OURO VERDE,3,acima de  1.000.000 m²,1000000.0,,0.048
COMENDADOR SOARES,OURO VERDE,4,até 500 m²,0.0,500.0,0.5352
COMENDADOR SOARES,OURO VERDE,4,"500,01 a 1.500 m²",500.01,1500.0,0.3752
COMENDADOR SOARES,OURO VERDE,4,"1.500,01 a 5.000 m²",1500.01,5000.0,0.2248
COMENDADOR SOARES,OURO VERDE,4,"5.000,01 a 20.000 m²",5000.01,20000.0,0.169
COMENDADOR SOARES,OURO VERDE,4,"20.000,01 a 50.000 m²",20000.01,50000.0,0.118
COMENDADOR SOARES,OURO VERDE,4,"50.000,01 a 100.000 m²",50000.01,100000.0,0.083
COMENDADOR SOARES,OURO VERDE,4,"100.000,01 a 500.000 m²",100000.01,500000.0,0.066
COMENDADOR SOARES,OURO VERDE,4,"500.000,01 a 1.000.000 m²",500000.01,1000000.0,0.056
COMENDADOR SOARES,OURO VERDE,4,acima de  1.000.000 m²,1000000.0,,0.048
COMENDADOR SOARES,OURO VERDE,5,até 500 m²,0.0,500.0,0.5352
COMENDADOR SOARES,OURO VERDE,5,"500,01 a 1.500 m²",500.01,1500.0,0.3752
COMENDADOR SOARES,OURO VERDE,5,"1.500,01 a 5.000 m²",1500.01,5000.0,0.2248
COMENDADOR SOARES,OURO VERDE,5,"5.000,01 a 20.000 m²",5000.01,20000.0,0.169
COMENDADOR SOARES,OURO VERDE,5,"20.000,01 a 50.000 m²",20000.01,50000.0,0.118
COMENDADOR SOARES,OURO VERDE,5,"50.000,01 a 100.000 m²",50000.01,100000.0,0.083
COMENDADOR SOARES,OURO VERDE,5,"100.000,01 a 500.000 m²",100000.01,500000.0,0.066
COMENDADOR SOARES,OURO VERDE,5,"500.000,01 a 1.000.000 m²",500000.01,1000000.0,0.056
COMENDADOR SOARES,OURO VERDE,5,acima de  1.000.000 m²,1000000.0,,0.048
COMENDADOR SOARES,OURO VERDE,6,até 500 m²,0.0,500.0,0.5352
COMENDADOR SOARES,OURO VERDE,6,"500,01 a 1.500 m²",500.01,1500.0,0.3752
COMENDADOR SOARES,OURO VERDE,6,"1.500,01 a 5.000 m²",1500.01,5000.0,0.2248
COMENDADOR SOARES,OURO VERDE,6,"5.000,01 a 20.000 m²",5000.01,20000.0,0.169
COMENDADOR SOARES,OURO VERDE,6,"20.000,01 a 50.000 m²",20000.01,50000.0,0.118
COMENDADOR SOARES,OURO VERDE,6,"50.000,01 a 100.000 m²",50000.01,100000.0,0.083
COMENDADOR SOARES,OURO VERDE,6,"100.000,01 a 500.000 m²",100000.01,500000.0,0.066
COMENDADOR SOARES,OURO VERDE,6,"500.000,01 a 1.000.000 m²",500000.01,1000000.0,0.056
COMENDADOR SOARES,OURO VERDE,6,acima de  1.000.000 m²,1000000.0,,0.048
COMENDADOR SOARES,OURO VERDE,7,até 500 m²,0.0,500.0,0.4683
COMENDADOR SOARES,OURO VERDE,7,"500,01 a 1.500 m²",500.01,1500.0,0.3283
COMENDADOR SOARES,OURO VERDE,7,"1.500,01 a 5.000 m²",1500.01,5000.0,0.1967
COMENDADOR SOARES,OURO VERDE,7,"5.000,01 a 20.000 m²",5000.01,20000.0,0.169
COMENDADOR SOARES,OURO VERDE,7,"20.000,01 a 50.000 m²",20000.01,50000.0,0.118
COMENDADOR SOARES,OURO VERDE,7,"50.000,01 a 100.000 m²",50000.01,100000.0,0.083
COMENDADOR SOARES,OURO VERDE,7,"100.000,01 a 500.000 m²",100000.01,500000.0,0.066
COMENDADOR SOARES,OURO VERDE,7,"500.000,01 a 1.000.000 m²",500000.01,1000000.0,0.056
COMENDADOR SOARES,OURO VERDE,7,acima de  1.000.000 m²,1000000.0,,0.048
CABUÇU,CABUÇU,1,até 500 m²,0.0,500.0,0.669
CABUÇU,CABUÇU,1,"500,01 a 1.500 m²",500.01,1500.0,0.469
CABUÇU,CABUÇU,1,"1.500,01 a 5.000 m²",1500.01,5000.0,0.305
CABUÇU,CABUÇU,1,"5.000,01 a 20.000 m²",5000.01,20000.0,0.213
CABUÇU,CABUÇU,1,"20.000,01 a 50.000 m²",20000.01,50000.0,0.149
CABUÇU,CABUÇU,1,"50.000,01 a 100.000 m²",50000.01,100000.0,0.119
CABUÇU,CABUÇU,1,"100.000,01 a 500.000 m²",100000.01,500000.0,0.096
CABUÇU,CABUÇU,1,"500.000,01 a 1.000.000 m²",500000.01,1000000.0,0.086
CABUÇU,CABUÇU,1,acima de  1.000.000 m²,1000000.0,,0.077
CABUÇU,CABUÇU,2,até 500 m²,0.0,500.0,0.669
CABUÇU,CABUÇU,2,"500,01 a 1.500 m²",500.01,1500.0,0.469
CABUÇU,CABUÇU,2,"1.500,01 a 5.000 m²",1500.01,5000.0,0.305
CABUÇU,CABUÇU,2,"5.000,01 a 20.000 m²",5000.01,20000.0,0.213
CABUÇU,CABUÇU,2,"20.000,01 a 50.000 m²",20000.01,50000.0,0.149
CABUÇU,CABUÇU,2,"50.000,01 a 100.000 m²",50000.01,100000.0,0.119
CABUÇU,CABUÇU,2,"100.000,01 a 500.000 m²",100000.01,500000.0,0.096
CABUÇU,CABUÇU,2,"500.000,01 a 1.000.000 m²",500000.01,1000000.0,0.086
CABUÇU,CABUÇU,2,acima de  1.000.000 m²,1000000.0,,0.077
CABUÇU,CABUÇU,3,até 500 m²,0.0,500.0,0.5352
CABUÇU,CABUÇU,3,"500,01 a 1.500 m²",500.01,1500.0,0.3752
CABUÇU,CABUÇU,3,"1.500,01 a 5.000 m²",1500.01,5000.0,0.244
CABUÇU,CABUÇU,3,"5.000,01 a 20.000 m²",5000.01,20000.0,0.213
CABUÇU,CABUÇU,3,"20.000,01 a 50.000 m²",20000.01,50000.0,0.149
CABUÇU,CABUÇU,3,"50.000,01 a 100.000 m²",50000.01,100000.0,0.119
CABUÇU,CABUÇU,3,"100.000,01 a 500.000 m²",100000.01,500000.0,0.096
CABUÇU,CABUÇU,3,"500.000,01 a 1.000.000 m²",500000.01,1000000.0,0.086
CABUÇU,CABUÇU,3,acima de  1.000.000 m²,1000000.0,,0.077
CABUÇU,CABUÇU,4,até 500 m²,0.0,500.0,0.4683
CABUÇU,CABUÇU,4,"500,01 a 1.500 m²",500.01,1500.0,0.3283
CABUÇU,CABUÇU,4,"1.500,01 a 5.000 m²",1500.01,5000.0,0.2135
CABUÇU,CABUÇU,4,"5.000,01 a 20.000 m²",5000.01,20000.0,0.213
CABUÇU,CABUÇU,4,"20.000,01 a 50.000 m²",20000.01,50000.0,0.149
CABUÇU,CABUÇU,4,"50.000,01 a 100.000 m²",50000.01,100000.0,0.119
CABUÇU,CABUÇU,4,"100.000,01 a 500.000 m²",100000.01,500000.0,0.096
CABUÇU,CABUÇU,4,"500.000,01 a 1.000.000 m²",500000.01,1000000.0,0.086
CABUÇU,CABUÇU,4,acima de  1.000.000 m²,1000000.0,,0.077
CABUÇU,CABUÇU,5,até 500 m²,0.0,500.0,0.4683
CABUÇU,CABUÇU,5,"500,01 a 1.500 m²",500.01,1500.0,0.3283
CABUÇU,CABUÇU,5,"1.500,01 a 5.000 m²",1500.01,5000.0,0.2135
CABUÇU,CABUÇU,5,"5.000,01 a 20.000 m²",5000.01,20000.0,0.213
CABUÇU,CABUÇU,5,"20.000,01 a 50.000 m²",20000.01,50000.0,0.149
CABUÇU,CABUÇU,5,"50.000,01 a 100.000 m²",50000.01,100000.0,0.119
CABUÇU,CABUÇU,5,"100.000,01 a 500.000 m²",100000.01,500000.0,0.096
CABUÇU,CABUÇU,5,"500.000,01 a 1.000.000 m²",500000.01,1000000.0,0.086
CABUÇU,CABUÇU,5,acima de  1.000.000 m²,1000000.0,,0.077
CABUÇU,VALVERDE,1,até 500 m²,0.0,500.0,0.669
CABUÇU,VALVERDE,1,"500,01 a 1.500 m²",500.01,1500.0,0.469
CABUÇU,VALVERDE,1,"1.500,01 a 5.000 m²",1500.01,5000.0,0.305
CABUÇU,VALVERDE,1,"5.000,01 a 20.000 m²",5000.01,20000.0,0.213
CABUÇU,VALVERDE,1,"20.000,01 a 50.000 m²",20000.01,50000.0,0.149
CABUÇU,VALVERDE,1,"50.000,01 a 100.000 m²",50000.01,100000.0,0.119
CABUÇU,VALVERDE,1,"100.000,01 a 500.000 m²",100000.01,500000.0,0.096
CABUÇU,VALVERDE,1,"500.000,01 a 1.000.000 m²",500000.01,1000000.0,0.086
CABUÇU,VALVERDE,1,acima de  1.000.000 m²,1000000.0,,0.077
CABUÇU,VALVERDE,2,até 500 m²,0.0,500.0,0.6021
CABUÇU,VALVERDE,2,"500,01 a 1.500 m²",500.01,1500.0,0.4221
CABUÇU,VALVERDE,2,"1.500,01 a 5.000 m²",1500.01,5000.0,0.2745
CABUÇU,VALVERDE,2,"5.000,01 a 20.000 m²",5000.01,20000.0,0.213
CABUÇU,VALVERDE,2,"20.000,01 a 50.000 m²",20000.01,50000.0,0.149
CABUÇU,VALVERDE,2,"50.000,01 a 100.000 m²",50000.01,100000.0,0.119
CABUÇU,VALVERDE,2,"100.000,01 a 500.000 m²",100000.01,500000.0,0.096
CABUÇU,VALVERDE,2,"500.000,01 a 1.000.000 m²",500000.01,1000000.0,0.086
CABUÇU,VALVERDE,2,acima de  1.000.000 m²,1000000.0,,0.077
CABUÇU,VALVERDE,3,até 500 m²,0.0,500.0,0.5352
CABUÇU,VALVERDE,3,"500,01 a 1.500 m²",500.01,1500.0,0.3752
CABUÇU,VALVERDE,3,"1.500,01 a 5.000 m²",1500.01,5000.0,0.244
CABUÇU,VALVERDE,3,"5.000,01 a 20.000 m²",5000.01,20000.0,0.213
CABUÇU,VALVERDE,3,"20.000,01 a 50.000 m²",20000.01,50000.0,0.149
CABUÇU,VALVERDE,3,"50.000,01 a 100.000 m²",50000.01,100000.0,0.119
CABUÇU,VALVERDE,3,"100.000,01 a 500.000 m²",100000.01,500000.0,0.096
CABUÇU,VALVERDE,3,"500.000,01 a 1.000.000 m²",500000.01,1000000.0,0.086
CABUÇU,VALVERDE,3,acima de  1.000.000 m²,1000000.0,,0.077
CABUÇU,PALHADA,1,até 500 m²,0.0,500.0,0.569
CABUÇU,PALHADA,1,"500,01 a 1.500 m²",500.01,1500.0,0.398
CABUÇU,PALHADA,1,"1.500,01 a 5.000 m²",1500.01,5000.0,0.259
CABUÇU,PALHADA,1,"5.000,01 a 20.000 m²",5000.01,20000.0,0.181
CABUÇU,PALHADA,1,"20.000,01 a 50.000 m²",20000.01,50000.0,0.127
CABUÇU,PALHADA,1,"50.000,01 a 100.000 m²",50000.01,100000.0,0.101
CABUÇU,PALHADA,1,"100.000,01 a 500.000 m²",100000.01,500000.0,0.081
CABUÇU,PALHADA,1,"500.000,01 a 1.000.000 m²",500000.01,1000000.0,0.073
CABUÇU,PALHADA,1,acima de  1.000.000 m²,1000000.0,,0.066
CABUÇU,PALHADA,2,até 500 m²,0.0,500.0,0.569
CABUÇU,PALHADA,2,"500,01 a 1.500 m²",500.01,1500.0,0.398
CABUÇU,PALHADA,2,"1.500,01 a 5.000 m²",1500.01,5000.0,0.259
CABUÇU,PALHADA,2,"5.000,01 a 20.000 m²",5000.01,20000.0,0.181
CABUÇU,PALHADA,2,"20.000,01 a 50.000 m²",20000.01,50000.0,0.127
CABUÇU,PALHADA,2,"50.000,01 a 100.000 m²",50000.01,100000.0,0.101
CABUÇU,PALHADA,2,"100.000,01 a 500.000 m²",100000.01,500000.0,0.081
CABUÇU,PALHADA,2,"500.000,01 a 1.000.000 m²",500000.01,1000000.0,0.073
CABUÇU,PALHADA,2,acima de  1.000.000 m²,1000000.0,,0.066
CABUÇU,PALHADA,3,até 500 m²,0.0,500.0,0.5121
CABUÇU,PALHADA,3,"500,01 a 1.500 m²",500.01,1500.0,0.3582
CABUÇU,PALHADA,3,"1.500,01 a 5.000 m²",1500.01,5000.0,0.2331
CABUÇU,PALHADA,3,"5.000,01 a 20.000 m²",5000.01,20000.0,0.181
CABUÇU,PALHADA,3,"20.000,01 a 50.000 m²",20000.01,50000.0,0.127
CABUÇU,PALHADA,3,"50.000,01 a 100.000 m²",50000.01,100000.0,0.101
CABUÇU,PALHADA,3,"100.000,01 a 500.000 m²",100000.01,500000.0,0.081
CABUÇU,PALHADA,3,"500.000,01 a 1.000.000 m²",500000.01,1000000.0,0.073
CABUÇU,PALHADA,3,acima de  1.000.000 m²,1000000.0,,0.066
CABUÇU,PALHADA,4,até 500 m²,0.0,500.0,0.3983
CABUÇU,PALHADA,4,"500,01 a 1.500 m²",500.01,1500.0,0.2786
CABUÇU,PALHADA,4,"1.500,01 a 5.000 m²",1500.01,5000.0,0.1813
CABUÇU,PALHADA,4,"5.000,01 a 20.000 m²",5000.01,20000.0,0.181
CABUÇU,PALHADA,4,"20.000,01 a 50.000 m²",20000.01,50000.0,0.127
CABUÇU,PALHADA,4,"50.000,01 a 100.000 m²",50000.01,100000.0,0.101
CABUÇU,PALHADA,4,"100.000,01 a 500.000 m²",100000.01,500000.0,0.081
CABUÇU,PALHADA,4,"500.000,01 a 1.000.000 m²",500000.01,1000000.0,0.073
CABUÇU,PALHADA,4,acima de  1.000.000 m²,1000000.0,,0.066
CABUÇU,MARAPICU,1,até 500 m²,0.0,500.0,0.402
CABUÇU,MARAPICU,1,"500,01 a 1.500 m²",500.01,1500.0,0.281
CABUÇU,MARAPICU,1,"1.500,01 a 5.000 m²",1500.01,5000.0,0.183
CABUÇU,MARAPICU,1,"5.000,01 a 20.000 m²",5000.01,20000.0,0.128
CABUÇU,MARAPICU,1,"20.000,01 a 50.000 m²",20000.01,50000.0,0.09
CABUÇU,MARAPICU,1,"50.000,01 a 100.000 m²",50000.01,100000.0,0.072
CABUÇU,MARAPICU,1,"100.000,01 a 500.000 m²",100000.01,500000.0,0.057
CABUÇU,MARAPICU,1,"500.000,01 a 1.000.000 m²",500000.01,1000000.0,0.052
CABUÇU,MARAPICU,1,acima de  1.000.000 m²,1000000.0,,0.046
CABUÇU,MARAPICU,2,até 500 m²,0.0,500.0,0.402
CABUÇU,MARAPICU,2,"500,01 a 1.500 m²",500.01,1500.0,0.281
CABUÇU,MARAPICU,2,"1.500,01 a 5.000 m²",1500.01,5000.0,0.183
CABUÇU,MARAPICU,2,"5.000,01 a 20.000 m²",5000.01,20000.0,0.128
CABUÇU,MARAPICU,2,"20.000,01 a 50.000 m²",20000.01,50000.0,0.09
CABUÇU,MARAPICU,2,"50.000,01 a 100.000 m²",50000.01,100000.0,0.072
CABUÇU,MARAPICU,2,"100.000,01 a 500.000 m²",100000.01,500000.0,0.057
CABUÇU,MARAPICU,2,"500.000,01 a 1.000.000 m²",500000.01,1000000.0,0.052
CABUÇU,MARAPICU,2,acima de  1.000.000 m²,1000000.0,,0.046
CABUÇU,MARAPICU,3,até 500 m²,0.0,500.0,0.3216
CABUÇU,MARAPICU,3,"500,01 a 1.500 m²",500.01,1500.0,0.2248
CABUÇU,MARAPICU,3,"1.500,01 a 5.000 m²",1500.01,5000.0,0.1464
CABUÇU,MARAPICU,3,"5.000,01 a 20.000 m²",5000.01,20000.0,0.128
CABUÇU,MARAPICU,3,"20.000,01 a 50.000 m²",20000.01,50000.0,0.09
CABUÇU,MARAPICU,3,"50.000,01 a 100.000 m²",50000.01,100000.0,0.072
CABUÇU,MARAPICU,3,"100.000,01 a 500.000 m²",100000.01,500000.0,0.057
CABUÇU,MARAPICU,3,"500.000,01 a 1.000.000 m²",500000.01,1000000.0,0.052
CABUÇU,MARAPICU,3,acima de  1.000.000 m²,1000000.0,,0.046
CABUÇU,MARAPICU,4,até 500 m²,0.0,500.0,0.2814
CABUÇU,MARAPICU,4,"500,01 a 1.500 m²",500.01,1500.0,0.1967
CABUÇU,MARAPICU,4,"1.500,01 a 5.000 m²",1500.01,5000.0,0.1281
CABUÇU,MARAPICU,4,"5.000,01 a 20.000 m²",5000.01,20000.0,0.128
CABUÇU,MARAPICU,4,"20.000,01 a 50.000 m²",20000.01,50000.0,0.09
CABUÇU,MARAPICU,4,"50.000,01 a 100.000 m²",50000.01,100000.0,0.072
CABUÇU,MARAPICU,4,"100.000,01 a 500.000 m²",100000.01,500000.0,0.057
CABUÇU,MARAPICU,4,"500.000,01 a 1.000.000 m²",500000.01,1000000.0,0.052
CABUÇU,MARAPICU,4,acima de  1.000.000 m²,1000000.0,,0.046
CABUÇU,IPIRANGA,1,até 500 m²,0.0,500.0,0.402
CABUÇU,IPIRANGA,1,"500,01 a 1.500 m²",500.01,1500.0,0.281
CABUÇU,IPIRANGA,1,"1.500,01 a 5.000 m²",1500.01,5000.0,0.183
CABUÇU,IPIRANGA,1,"5.000,01 a 20.000 m²",5000.01,20000.0,0.128
CABUÇU,IPIRANGA,1,"20.000,01 a 50.000 m²",20000.01,50000.0,0.09
CABUÇU,IPIRANGA,1,"50.000,01 a 100.000 m²",50000.01,100000.0,0.072
CABUÇU,IPIRANGA,1,"100.000,01 a 500.000 m²",100000.01,500000.0,0.057
CABUÇU,IPIRANGA,1,"500.000,01 a 1.000.000 m²",500000.01,1000000.0,0.052
CABUÇU,IPIRANGA,1,acima de  1.000.000 m²,1000000.0,,0.046
CABUÇU,IPIRANGA,2,até 500 m²,0.0,500.0,0.3216
CABUÇU,IPIRANGA,2,"500,01 a 1.500 m²",500.01,1500.0,0.2248
CABUÇU,IPIRANGA,2,"1.500,01 a 5.000 m²",1500.01,5000.0,0.1464
CABUÇU,IPIRANGA,2,"5.000,01 a 20.000 m²",5000.01,20000.0,0.128
CABUÇU,IPIRANGA,2,"20.000,01 a 50.000 m²",20000.01,50000.0,0.09
CABUÇU,IPIRANGA,2,"50.000,01 a 100.000 m²",50000.01,100000.0,0.072
CABUÇU,IPIRANGA,2,"100.000,01 a 500.000 m²",100000.01,500000.0,0.057
CABUÇU,IPIRANGA,2,"500.000,01 a 1.000.000 m²",500000.01,1000000.0,0.052
CABUÇU,IPIRANGA,2,acima de  1.000.000 m²,1000000.0,,0.046
CABUÇU,IPIRANGA,3,até 500 m²,0.0,500.0,0.3015
CABUÇU,IPIRANGA,3,"500,01 a 1.500 m²",500.01,1500.0,0.2108
CABUÇU,IPIRANGA,3,"1.500,01 a 5.000 m²",1500.01,5000.0,0.1373
CABUÇU,IPIRANGA,3,"5.000,01 a 20.000 m²",5000.01,20000.0,0.128
CABUÇU,IPIRANGA,3,"20.000,01 a 50.000 m²",20000.01,50000.0,0.09
CABUÇU,IPIRANGA,3,"50.000,01 a 100.000 m²",50000.01,100000.0,0.072
CABUÇU,IPIRANGA,3,"100.000,01 a 500.000 m²",100000.01,500000.0,0.057
CABUÇU,IPIRANGA,3,"500.000,01 a 1.000.000 m²",500000.01,1000000.0,0.052
CABUÇU,IPIRANGA,3,acima de  1.000.000 m²,1000000.0,,0.046
CABUÇU,IPIRANGA,4,até 500 m²,0.0,500.0,0.2814
CABUÇU,IPIRANGA,4,"500,01 a 1.500 m²",500.01,1500.0,0.1967
CABUÇU,IPIRANGA,4,"1.500,01 a 5.000 m²",1500.01,5000.0,0.1281
CABUÇU,IPIRANGA,4,"5.000,01 a 20.000 m²",5000.01,20000.0,0.128
CABUÇU,IPIRANGA,4,"20.000,01 a 50.000 m²",20000.01,50000.0,0.09
CABUÇU,IPIRANGA,4,"50.000,01 a 100.000 m²",50000.01,100000.0,0.072
CABUÇU,IPIRANGA,4,"100.000,01 a 500.000 m²",100000.01,500000.0,0.057
CABUÇU,IPIRANGA,4,"500.000,01 a 1.000.000 m²",500000.01,1000000.0,0.052
CABUÇU,IPIRANGA,4,acima de  1.000.000 m²,1000000.0,,0.046
CABUÇU,LAGOINHA,1,até 500 m²,0.0,500.0,0.335
CABUÇU,LAGOINHA,1,"500,01 a 1.500 m²",500.01,1500.0,0.218
CABUÇU,LAGOINHA,1,"1.500,01 a 5.000 m²",1500.01,5000.0,0.131
CABUÇU,LAGOINHA,1,"5.000,01 a 20.000 m²",5000.01,20000.0,0.091
CABUÇU,LAGOINHA,1,"20.000,01 a 50.000 m²",20000.01,50000.0,0.064
CABUÇU,LAGOINHA,1,"50.000,01 a 100.000 m²",50000.01,100000.0,0.051
CABUÇU,LAGOINHA,1,"100.000,01 a 500.000 m²",100000.01,500000.0,0.041
CABUÇU,LAGOINHA,1,"500.000,01 a 1.000.000 m²",500000.01,1000000.0,0.037
CABUÇU,LAGOINHA,1,acima de  1.000.000 m²,1000000.0,,0.033
CABUÇU,LAGOINHA,2,até 500 m²,0.0,500.0,0.3015
CABUÇU,LAGOINHA,2,"500,01 a 1.500 m²",500.01,1500.0,0.1982
CABUÇU,LAGOINHA,2,"1.500,01 a 5.000 m²",1500.01,5000.0,0.1179
CABUÇU,LAGOINHA,2,"5.000,01 a 20.000 m²",5000.01,20000.0,0.091
CABUÇU,LAGOINHA,2,"20.000,01 a 50.000 m²",20000.01,50000.0,0.064
CABUÇU,LAGOINHA,2,"50.000,01 a 100.000 m²",50000.01,100000.0,0.051
CABUÇU,LAGOINHA,2,"100.000,01 a 500.000 m²",100000.01,500000.0,0.041
CABUÇU,LAGOINHA,2,"500.000,01 a 1.000.000 m²",500000.01,1000000.0,0.037
CABUÇU,LAGOINHA,2,acima de  1.000.000 m²,1000000.0,,0.033
CABUÇU,LAGOINHA,3,até 500 m²,0.0,500.0,0.2345
CABUÇU,LAGOINHA,3,"500,01 a 1.500 m²",500.01,1500.0,0.1526
CABUÇU,LAGOINHA,3,"1.500,01 a 5.000 m²",1500.01,5000.0,0.0917
CABUÇU,LAGOINHA,3,"5.000,01 a 20.000 m²",5000.01,20000.0,0.091
CABUÇU,LAGOINHA,3,"20.000,01 a 50.000 m²",20000.01,50000.0,0.064
CABUÇU,LAGOINHA,3,"50.000,01 a 100.000 m²",50000.01,100000.0,0.051
CABUÇU,LAGOINHA,3,"100.000,01 a 500.000 m²",100000.01,500000.0,0.041
CABUÇU,LAGOINHA,3,"500.000,01 a 1.000.000 m²",500000.01,1000000.0,0.037
CABUÇU,LAGOINHA,3,acima de  1.000.000 m²,1000000.0,,0.033
CABUÇU,CAMPO ALEGRE,1,até 500 m²,0.0,500.0,0.234
CABUÇU,CAMPO ALEGRE,1,"500,01 a 1.500 m²",500.01,1500.0,0.152
CABUÇU,CAMPO ALEGRE,1,"1.500,01 a 5.000 m²",1500.01,5000.0,0.091
CABUÇU,CAMPO ALEGRE,1,"5.000,01 a 20.000 m²",5000.01,20000.0,0.064
CABUÇU,CAMPO ALEGRE,1,"20.000,01 a 50.000 m²",20000.01,50000.0,0.045
CABUÇU,CAMPO ALEGRE,1,"50.000,01 a 100.000 m²",50000.01,100000.0,0.036
CABUÇU,CAMPO ALEGRE,1,"100.000,01 a 500.000 m²",100000.01,500000.0,0.029
CABUÇU,CAMPO ALEGRE,1,"500.000,01 a 1.000.000 m²",500000.01,1000000.0,0.026
CABUÇU,CAMPO ALEGRE,1,acima de  1.000.000 m²,1000000.0,,0.023
CABUÇU,CAMPO ALEGRE,2,até 500 m²,0.0,500.0,0.1638
CABUÇU,CAMPO ALEGRE,2,"500,01 a 1.500 m²",500.01,1500.0,0.1064
CABUÇU,CAMPO ALEGRE,2,"1.500,01 a 5.000 m²",1500.01,5000.0,0.0637
CABUÇU,CAMPO ALEGRE,2,"5.000,01 a 20.000 m²",5000.01,20000.0,0.064
CABUÇU,CAMPO ALEGRE,2,"20.000,01 a 50.000 m²",20000.01,50000.0,0.045
CABUÇU,CAMPO ALEGRE,2,"50.000,01 a 100.000 m²",50000.01,100000.0,0.036
CABUÇU,CAMPO ALEGRE,2,"100.000,01 a 500.000 m²",100000.01,500000.0,0.029
CABUÇU,CAMPO ALEGRE,2,"500.000,01 a 1.000.000 m²",500000.01,1000000.0,0.026
CABUÇU,CAMPO ALEGRE,2,acima de  1.000.000 m²,1000000.0,,0.023
KM 32,KM 32,1,até 500 m²,0.0,500.0,0.502
KM 32,KM 32,1,"500,01 a 1.500 m²",500.01,1500.0,0.351
KM 32,KM 32,1,"1.500,01 a 5.000 m²",1500.01,5000.0,0.211
KM 32,KM 32,1,"5.000,01 a 20.000 m²",5000.01,20000.0,0.127
KM 32,KM 32,1,"20.000,01 a 50.000 m²",20000.01,50000.0,0.089
KM 32,KM 32,1,"50.000,01 a 100.000 m²",50000.01,100000.0,0.062
KM 32,KM 32,1,"100.000,01 a 500.000 m²",100000.01,500000.0,0.05
KM 32,KM 32,1,"500.000,01 a 1.000.000 m²",500000.01,1000000.0,0.042
KM 32,KM 32,1,acima de  1.000.000 m²,1000000.0,,0.036
KM 32,KM 32,2,até 500 m²,0.0,500.0,0.502
KM 32,KM 32,2,"500,01 a 1.500 m²",500.01,1500.0,0.351
KM 32,KM 32,2,"1.500,01 a 5.000 m²",1500.01,5000.0,0.211
KM 32,KM 32,2,"5.000,01 a 20.000 m²",5000.01,20000.0,0.127
KM 32,KM 32,2,"20.000,01 a 50.000 m²",20000.01,50000.0,0.089
KM 32,KM 32,2,"50.000,01 a 100.000 m²",50000.01,100000.0,0.062
KM 32,KM 32,2,"100.000,01 a 500.000 m²",100000.01,500000.0,0.05
KM 32,KM 32,2,"500.000,01 a 1.000.000 m²",500000.01,1000000.0,0.042
KM 32,KM 32,2,acima de  1.000.000 m²,1000000.0,,0.036
KM 32,KM 32,3,até 500 m²,0.0,500.0,0.4518
KM 32,KM 32,3,"500,01 a 1.500 m²",500.01,1500.0,0.3159
KM 32,KM 32,3,"1.500,01 a 5.000 m²",1500.01,5000.0,0.1899
KM 32,KM 32,3,"5.000,01 a 20.000 m²",5000.01,20000.0,0.127
KM 32,KM 32,3,"20.000,01 a 50.000 m²",20000.01,50000.0,0.089
KM 32,KM 32,3,"50.000,01 a 100.000 m²",50000.01,100000.0,0.062
KM 32,KM 32,3,"100.000,01 a 500.000 m²",100000.01,500000.0,0.05
KM 32,KM 32,3,"500.000,01 a 1.000.000 m²",500000.01,1000000.0,0.042
KM 32,KM 32,3,acima de  1.000.000 m²,1000000.0,,0.036
KM 32,KM 32,4,até 500 m²,0.0,500.0,0.4018
KM 32,KM 32,4,"500,01 a 1.500 m²",500.01,1500.0,0.2806
KM 32,KM 32,4,"1.500,01 a 5.000 m²",1500.01,5000.0,0.1688
KM 32,KM 32,4,"5.000,01 a 20.000 m²",5000.01,20000.0,0.127
KM 32,KM 32,4,"20.000,01 a 50.000 m²",20000.01,50000.0,0.089
KM 32,KM 32,4,"50.000,01 a 100.000 m²",50000.01,100000.0,0.062
KM 32,KM 32,4,"100.000,01 a 500.000 m²",100000.01,500000.0,0.05
KM 32,KM 32,4,"500.000,01 a 1.000.000 m²",500000.01,1000000.0,0.042
KM 32,KM 32,4,acima de  1.000.000 m²,1000000.0,,0.036
KM 32,KM 32,5,até 500 m²,0.0,500.0,0.3263
KM 32,KM 32,5,"500,01 a 1.500 m²",500.01,1500.0,0.2282
KM 32,KM 32,5,"1.500,01 a 5.000 m²",1500.01,5000.0,0.1372
KM 32,KM 32,5,"5.000,01 a 20.000 m²",5000.01,20000.0,0.127
KM 32,KM 32,5,"20.000,01 a 50.000 m²",20000.01,50000.0,0.089
KM 32,KM 32,5,"50.000,01 a 100.000 m²",50000.01,100000.0,0.062
KM 32,KM 32,5,"100.000,01 a 500.000 m²",100000.01,500000.0,0.05
KM 32,KM 32,5,"500.000,01 a 1.000.000 m²",500000.01,1000000.0,0.042
KM 32,KM 32,5,acima de  1.000.000 m²,1000000.0,,0.036
KM 32,JARDIM GUANDU,1,até 500 m²,0.0,500.0,0.385
KM 32,JARDIM GUANDU,1,"500,01 a 1.500 m²",500.01,1500.0,0.25
KM 32,JARDIM GUANDU,1,"1.500,01 a 5.000 m²",1500.01,5000.0,0.15
KM 32,JARDIM GUANDU,1,"5.000,01 a 20.000 m²",5000.01,20000.0,0.105
KM 32,JARDIM GUANDU,1,"20.000,01 a 50.000 m²",20000.01,50000.0,0.074
KM 32,JARDIM GUANDU,1,"50.000,01 a 100.000 m²",50000.01,100000.0,0.059
KM 32,JARDIM GUANDU,1,"100.000,01 a 500.000 m²",100000.01,500000.0,0.047
KM 32,JARDIM GUANDU,1,"500.000,01 a 1.000.000 m²",500000.01,1000000.0,0.042
KM 32,JARDIM GUANDU,1,acima de  1.000.000 m²,1000000.0,,0.038
KM 32,JARDIM GUANDU,2,até 500 m²,0.0,500.0,0.385
KM 32,JARDIM GUANDU,2,"500,01 a 1.500 m²",500.01,1500.0,0.25
KM 32,JARDIM GUANDU,2,"1.500,01 a 5.000 m²",1500.01,5000.0,0.15
KM 32,JARDIM GUANDU,2,"5.000,01 a 20.000 m²",5000.01,20000.0,0.105
KM 32,JARDIM GUANDU,2,"20.000,01 a 50.000 m²",20000.01,50000.0,0.074
KM 32,JARDIM GUANDU,2,"50.000,01 a 100.000 m²",50000.01,100000.0,0.059
KM 32,JARDIM GUANDU,2,"100.000,01 a 500.000 m²",100000.01,500000.0,0.047
KM 32,JARDIM GUANDU,2,"500.000,01 a 1.000.000 m²",500000.01,1000000.0,0.042
KM 32,JARDIM GUANDU,2,acima de  1.000.000 m²,1000000.0,,0.038
KM 32,JARDIM GUANDU,3,até 500 m²,0.0,500.0,0.2695
KM 32,JARDIM GUANDU,3,"500,01 a 1.500 m²",500.01,1500.0,0.175
KM 32,JARDIM GUANDU,3,"1.500,01 a 5.000 m²",1500.01,5000.0,0.105
KM 32,JARDIM GUANDU,3,"5.000,01 a 20.000 m²",5000.01,20000.0,0.105
KM 32,JARDIM GUANDU,3,"20.000,01 a 50.000 m²",20000.01,50000.0,0.074
KM 32,JARDIM GUANDU,3,"50.000,01 a 100.000 m²",50000.01,100000.0,0.059
KM 32,JARDIM GUANDU,3,"100.000,01 a 500.000 m²",100000.01,500000.0,0.047
KM 32,JARDIM GUANDU,3,"500.000,01 a 1.000.000 m²",500000.01,1000000.0,0.042
KM 32,JARDIM GUANDU,3,acima de  1.000.000 m²,1000000.0,,0.038
KM 32,PARAÍSO,1,até 500 m²,0.0,500.0,0.385
KM 32,PARAÍSO,1,"500,01 a 1.500 m²",500.01,1500.0,0.25
KM 32,PARAÍSO,1,"1.500,01 a 5.000 m²",1500.01,5000.0,0.15
KM 32,PARAÍSO,1,"5.000,01 a 20.000 m²",5000.01,20000.0,0.105
KM 32,PARAÍSO,1,"20.000,01 a 50.000 m²",20000.01,50000.0,0.074
KM 32,PARAÍSO,1,"50.000,01 a 100.000 m²",50000.01,100000.0,0.059
KM 32,PARAÍSO,1,"100.000,01 a 500.000 m²",100000.01,500000.0,0.047
KM 32,PARAÍSO,1,"500.000,01 a 1.000.000 m²",500000.01,1000000.0,0.042
KM 32,PARAÍSO,1,acima de  1.000.000 m²,1000000.0,,0.038
KM 32,PARAÍSO,2,até 500 m²,0.0,500.0,0.385
KM 32,PARAÍSO,2,"500,01 a 1.500 m²",500.01,1500.0,0.25
KM 32,PARAÍSO,2,"1.500,01 a 5.000 m²",1500.01,5000.0,0.15
KM 32,PARAÍSO,2,"5.000,01 a 20.000 m²",5000.01,20000.0,0.105
KM 32,PARAÍSO,2,"20.000,01 a 50.000 m²",20000.01,50000.0,0.074
KM 32,PARAÍSO,2,"50.000,01 a 100.000 m²",50000.01,100000.0,0.059
KM 32,PARAÍSO,2,"100.000,01 a 500.000 m²",100000.01,500000.0,0.047
KM 32,PARAÍSO,2,"500.000,01 a 1.000.000 m²",500000.01,1000000.0,0.042
KM 32,PARAÍSO,2,acima de  1.000.000 m²,1000000.0,,0.038
KM 32,PARAÍSO,3,até 500 m²,0.0,500.0,0.3485
KM 32,PARAÍSO,3,"500,01 a 1.500 m²",500.01,1500.0,0.225
KM 32,PARAÍSO,3,"1.500,01 a 5.000 m²",1500.01,5000.0,0.135
KM 32,PARAÍSO,3,"5.000,01 a 20.000 m²",5000.01,20000.0,0.105
KM 32,PARAÍSO,3,"20.000,01 a 50.000 m²",20000.01,50000.0,0.074
KM 32,PARAÍSO,3,"50.000,01 a 100.000 m²",50000.01,100000.0,0.059
KM 32,PARAÍSO,3,"100.000,01 a 500.000 m²",100000.01,500000.0,0.047
KM 32,PARAÍSO,3,"500.000,01 a 1.000.000 m²",500000.01,1000000.0,0.042
KM 32,PARAÍSO,3,acima de  1.000.000 m²,1000000.0,,0.038
KM 32,PARAÍSO,4,até 500 m²,0.0,500.0,0.308
KM 32,PARAÍSO,4,"500,01 a 1.500 m²",500.01,1500.0,0.2
KM 32,PARAÍSO,4,"1.500,01 a 5.000 m²",1500.01,5000.0,0.12
KM 32,PARAÍSO,4,"5.000,01 a 20.000 m²",5000.01,20000.0,0.105
KM 32,PARAÍSO,4,"20.000,01 a 50.000 m²",20000.01,50000.0,0.074
KM 32,PARAÍSO,4,"50.000,01 a 100.000 m²",50000.01,100000.0,0.059
KM 32,PARAÍSO,4,"100.000,01 a 500.000 m²",100000.01,500000.0,0.047
KM 32,PARAÍSO,4,"500.000,01 a 1.000.000 m²",500000.01,1000000.0,0.042
KM 32,PARAÍSO,4,acima de  1.000.000 m²,1000000.0,,0.038
KM 32,PARAÍSO,5,até 500 m²,0.0,500.0,0.2695
KM 32,PARAÍSO,5,"500,01 a 1.500 m²",500.01,1500.0,0.175
KM 32,PARAÍSO,5,"1.500,01 a 5.000 m²",1500.01,5000.0,0.105
KM 32,PARAÍSO,5,"5.000,01 a 20.000 m²",5000.01,20000.0,0.105
KM 32,PARAÍSO,5,"20.000,01 a 50.000 m²",20000.01,50000.0,0.074
KM 32,PARAÍSO,5,"50.000,01 a 100.000 m²",50000.01,100000.0,0.059
KM 32,PARAÍSO,5,"100.000,01 a 500.000 m²",100000.01,500000.0,0.047
KM 32,PARAÍSO,5,"500.000,01 a 1.000.000 m²",500000.01,1000000.0,0.042
KM 32,PARAÍSO,5,acima de  1.000.000 m²,1000000.0,,0.038
KM 32,PARAÍSO,6,até 500 m²,0.0,500.0,0.2695
KM 32,PARAÍSO,6,"500,01 a 1.500 m²",500.01,1500.0,0.175
KM 32,PARAÍSO,6,"1.500,01 a 5.000 m²",1500.01,5000.0,0.105
KM 32,PARAÍSO,6,"5.000,01 a 20.000 m²",5000.01,20000.0,0.105
KM 32,PARAÍSO,6,"20.000,01 a 50.000 m²",20000.01,50000.0,0.074
KM 32,PARAÍSO,6,"50.000,01 a 100.000 m²",50000.01,100000.0,0.059
KM 32,PARAÍSO,6,"100.000,01 a 500.000 m²",100000.01,500000.0,0.047
KM 32,PARAÍSO,6,"500.000,01 a 1.000.000 m²",500000.01,1000000.0,0.042
KM 32,PARAÍSO,6,acima de  1.000.000 m²,1000000.0,,0.038
KM 32,PRADOS VERDE,1,até 500 m²,0.0,500.0,0.3273
KM 32,PRADOS VERDE,1,"500,01 a 1.500 m²",500.01,1500.0,0.2125
KM 32,PRADOS VERDE,1,"1.500,01 a 5.000 m²",1500.01,5000.0,0.1275
KM 32,PRADOS VERDE,1,"5.000,01 a 20.000 m²",5000.01,20000.0,0.105
KM 32,PRADOS VERDE,1,"20.000,01 a 50.000 m²",20000.01,50000.0,0.074
KM 32,PRADOS VERDE,1,"50.000,01 a 100.000 m²",50000.01,100000.0,0.059
KM 32,PRADOS VERDE,1,"100.000,01 a 500.000 m²",100000.01,500000.0,0.047
KM 32,PRADOS VERDE,1,"500.000,01 a 1.000.000 m²",500000.01,1000000.0,0.042
KM 32,PRADOS VERDE,1,acima de  1.000.000 m²,1000000.0,,0.038
KM 32,PRADOS VERDE,2,até 500 m²,0.0,500.0,0.2695
KM 32,PRADOS VERDE,2,"500,01 a 1.500 m²",500.01,1500.0,0.175
KM 32,PRADOS VERDE,2,"1.500,01 a 5.000 m²",1500.01,5000.0,0.105
KM 32,PRADOS VERDE,2,"5.000,01 a 20.000 m²",5000.01,20000.0,0.105
KM 32,PRADOS VERDE,2,"20.000,01 a 50.000 m²",20000.01,50000.0,0.074
KM 32,PRADOS VERDE,2,"50.000,01 a 100.000 m²",50000.01,100000.0,0.059
KM 32,PRADOS VERDE,2,"100.000,01 a 500.000 m²",100000.01,500000.0,0.047
KM 32,PRADOS VERDE,2,"500.000,01 a 1.000.000 m²",500000.01,1000000.0,0.042
KM 32,PRADOS VERDE,2,acima de  1.000.000 m²,1000000.0,,0.038
AUSTIN,AUSTIN,1,até 500 m²,0.0,500.0,0.837
AUSTIN,AUSTIN,1,"500,01 a 1.500 m²",500.01,1500.0,0.502
AUSTIN,AUSTIN,1,"1.500,01 a 5.000 m²",1500.01,5000.0,0.301
AUSTIN,AUSTIN,1,"5.000,01 a 20.000 m²",5000.01,20000.0,0.211
AUSTIN,AUSTIN,1,"20.000,01 a 50.000 m²",20000.01,50000.0,0.148
AUSTIN,AUSTIN,1,"50.000,01 a 100.000 m²",50000.01,100000.0,0.118
AUSTIN,AUSTIN,1,"100.000,01 a 500.000 m²",100000.01,500000.0,0.094
AUSTIN,AUSTIN,1,"500.000,01 a 1.000.000 m²",500000.01,1000000.0,0.085
AUSTIN,AUSTIN,1,acima de  1.000.000 m²,1000000.0,,0.077
AUSTIN,AUSTIN,2,até 500 m²,0.0,500.0,0.837
AUSTIN,AUSTIN,2,"500,01 a 1.500 m²",500.01,1500.0,0.502
AUSTIN,AUSTIN,2,"1.500,01 a 5.000 m²",1500.01,5000.0,0.301
AUSTIN,AUSTIN,2,"5.000,01 a 20.000 m²",5000.01,20000.0,0.211
AUSTIN,AUSTIN,2,"20.000,01 a 50.000 m²",20000.01,50000.0,0.148
AUSTIN,AUSTIN,2,"50.000,01 a 100.000 m²",50000.01,100000.0,0.118
AUSTIN,AUSTIN,2,"100.000,01 a 500.000 m²",100000.01,500000.0,0.094
AUSTIN,AUSTIN,2,"500.000,01 a 1.000.000 m²",500000.01,1000000.0,0.085
AUSTIN,AUSTIN,2,acima de  1.000.000 m²,1000000.0,,0.077
AUSTIN,AUSTIN,3,até 500 m²,0.0,500.0,0.7115
AUSTIN,AUSTIN,3,"500,01 a 1.500 m²",500.01,1500.0,0.4267
AUSTIN,AUSTIN,3,"1.500,01 a 5.000 m²",1500.01,5000.0,0.2559
AUSTIN,AUSTIN,3,"5.000,01 a 20.000 m²",5000.01,20000.0,0.211
AUSTIN,AUSTIN,3,"20.000,01 a 50.000 m²",20000.01,50000.0,0.148
AUSTIN,AUSTIN,3,"50.000,01 a 100.000 m²",50000.01,100000.0,0.118
AUSTIN,AUSTIN,3,"100.000,01 a 500.000 m²",100000.01,500000.0,0.094
AUSTIN,AUSTIN,3,"500.000,01 a 1.000.000 m²",500000.01,1000000.0,0.085
AUSTIN,AUSTIN,3,acima de  1.000.000 m²,1000000.0,,0.077
AUSTIN,AUSTIN,4,até 500 m²,0.0,500.0,0.5859
AUSTIN,AUSTIN,4,"500,01 a 1.500 m²",500.01,1500.0,0.3514
AUSTIN,AUSTIN,4,"1.500,01 a 5.000 m²",1500.01,5000.0,0.2107
AUSTIN,AUSTIN,4,"5.000,01 a 20.000 m²",5000.01,20000.0,0.211
AUSTIN,AUSTIN,4,"20.000,01 a 50.000 m²",20000.01,50000.0,0.148
AUSTIN,AUSTIN,4,"50.000,01 a 100.000 m²",50000.01,100000.0,0.118
AUSTIN,AUSTIN,4,"100.000,01 a 500.000 m²",100000.01,500000.0,0.094
AUSTIN,AUSTIN,4,"500.000,01 a 1.000.000 m²",500000.01,1000000.0,0.085
AUSTIN,AUSTIN,4,acima de  1.000.000 m²,1000000.0,,0.077
AUSTIN,RIACHÃO,1,até 500 m²,0.0,500.0,0.502
AUSTIN,RIACHÃO,1,"500,01 a 1.500 m²",500.01,1500.0,0.301
AUSTIN,RIACHÃO,1,"1.500,01 a 5.000 m²",1500.01,5000.0,0.181
AUSTIN,RIACHÃO,1,"5.000,01 a 20.000 m²",5000.01,20000.0,0.211
AUSTIN,RIACHÃO,1,"20.000,01 a 50.000 m²",20000.01,50000.0,0.089
AUSTIN,RIACHÃO,1,"50.000,01 a 100.000 m²",50000.01,100000.0,0.071
AUSTIN,RIACHÃO,1,"100.000,01 a 500.000 m²",100000.01,500000.0,0.057
AUSTIN,RIACHÃO,1,"500.000,01 a 1.000.000 m²",500000.01,1000000.0,0.051
AUSTIN,RIACHÃO,1,acima de  1.000.000 m²,1000000.0,,0.046
AUSTIN,RIACHÃO,2,até 500 m²,0.0,500.0,0.4518
AUSTIN,RIACHÃO,2,"500,01 a 1.500 m²",500.01,1500.0,0.2709
AUSTIN,RIACHÃO,2,"1.500,01 a 5.000 m²",1500.01,5000.0,0.1629
AUSTIN,RIACHÃO,2,"5.000,01 a 20.000 m²",5000.01,20000.0,0.127
AUSTIN,RIACHÃO,2,"20.000,01 a 50.000 m²",20000.01,50000.0,0.089
AUSTIN,RIACHÃO,2,"50.000,01 a 100.000 m²",50000.01,100000.0,0.071
AUSTIN,RIACHÃO,2,"100.000,01 a 500.000 m²",100000.01,500000.0,0.057
AUSTIN,RIACHÃO,2,"500.000,01 a 1.000.000 m²",500000.01,1000000.0,0.051
AUSTIN,RIACHÃO,2,acima de  1.000.000 m²,1000000.0,,0.046
AUSTIN,RIACHÃO,3,até 500 m²,0.0,500.0,0.3514
AUSTIN,RIACHÃO,3,"500,01 a 1.500 m²",500.01,1500.0,0.2107
AUSTIN,RIACHÃO,3,"1.500,01 a 5.000 m²",1500.01,5000.0,0.1267
AUSTIN,RIACHÃO,3,"5.000,01 a 20.000 m²",5000.01,20000.0,0.127
AUSTIN,RIACHÃO,3,"20.000,01 a 50.000 m²",20000.01,50000.0,0.089
AUSTIN,RIACHÃO,3,"50.000,01 a 100.000 m²",50000.01,100000.0,0.071
AUSTIN,RIACHÃO,3,"100.000,01 a 500.000 m²",100000.01,500000.0,0.057
AUSTIN,RIACHÃO,3,"500.000,01 a 1.000.000 m²",500000.01,1000000.0,0.051
AUSTIN,RIACHÃO,3,acima de  1.000.000 m²,1000000.0,,0.046
AUSTIN,CACUIA,1,até 500 m²,0.0,500.0,0.569
AUSTIN,CACUIA,1,"500,01 a 1.500 m²",500.01,1500.0,0.341
AUSTIN,CACUIA,1,"1.500,01 a 5.000 m²",1500.01,5000.0,0.205
AUSTIN,CACUIA,1,"5.000,01 a 20.000 m²",5000.01,20000.0,0.143
AUSTIN,CACUIA,1,"20.000,01 a 50.000 m²",20000.01,50000.0,0.1
AUSTIN,CACUIA,1,"50.000,01 a 100.000 m²",50000.01,100000.0,0.08
AUSTIN,CACUIA,1,"100.000,01 a 500.000 m²",100000.01,500000.0,0.064
AUSTIN,CACUIA,1,"500.000,01 a 1.000.000 m²",500000.01,1000000.0,0.058
AUSTIN,CACUIA,1,acima de  1.000.000 m²,1000000.0,,0.052
AUSTIN,CACUIA,2,até 500 m²,0.0,500.0,0.3983
AUSTIN,CACUIA,2,"500,01 a 1.500 m²",500.01,1500.0,0.2387
AUSTIN,CACUIA,2,"1.500,01 a 5.000 m²",1500.01,5000.0,0.1435
AUSTIN,CACUIA,2,"5.000,01 a 20.000 m²",5000.01,20000.0,0.143
AUSTIN,CACUIA,2,"20.000,01 a 50.000 m²",20000.01,50000.0,0.1
AUSTIN,CACUIA,2,"50.000,01 a 100.000 m²",50000.01,100000.0,0.08
AUSTIN,CACUIA,2,"100.000,01 a 500.000 m²",100000.01,500000.0,0.064
AUSTIN,CACUIA,2,"500.000,01 a 1.000.000 m²",500000.01,1000000.0,0.058
AUSTIN,CACUIA,2,acima de  1.000.000 m²,1000000.0,,0.052
AUSTIN,RODILÂNDIA,1,até 500 m²,0.0,500.0,0.669
AUSTIN,RODILÂNDIA,1,"500,01 a 1.500 m²",500.01,1500.0,0.402
AUSTIN,RODILÂNDIA,1,"1.500,01 a 5.000 m²",1500.01,5000.0,0.241
AUSTIN,RODILÂNDIA,1,"5.000,01 a 20.000 m²",5000.01,20000.0,0.169
AUSTIN,RODILÂNDIA,1,"20.000,01 a 50.000 m²",20000.01,50000.0,0.118
AUSTIN,RODILÂNDIA,1,"50.000,01 a 100.000 m²",50000.01,100000.0,0.094
AUSTIN,RODILÂNDIA,1,"100.000,01 a 500.000 m²",100000.01,500000.0,0.076
AUSTIN,RODILÂNDIA,1,"500.000,01 a 1.000.000 m²",500000.01,1000000.0,0.068
AUSTIN,RODILÂNDIA,1,acima de  1.000.000 m²,1000000.0,,0.061
AUSTIN,RODILÂNDIA,2,até 500 m²,0.0,500.0,0.6021
AUSTIN,RODILÂNDIA,2,"500,01 a 1.500 m²",500.01,1500.0,0.3618
AUSTIN,RODILÂNDIA,2,"1.500,01 a 5.000 m²",1500.01,5000.0,0.2169
AUSTIN,RODILÂNDIA,2,"5.000,01 a 20.000 m²",5000.01,20000.0,0.169
AUSTIN,RODILÂNDIA,2,"20.000,01 a 50.000 m²",20000.01,50000.0,0.118
AUSTIN,RODILÂNDIA,2,"50.000,01 a 100.000 m²",50000.01,100000.0,0.094
AUSTIN,RODILÂNDIA,2,"100.000,01 a 500.000 m²",100000.01,500000.0,0.076
AUSTIN,RODILÂNDIA,2,"500.000,01 a 1.000.000 m²",500000.01,1000000.0,0.068
AUSTIN,RODILÂNDIA,2,acima de  1.000.000 m²,1000000.0,,0.061
AUSTIN,RODILÂNDIA,3,até 500 m²,0.0,500.0,0.5352
AUSTIN,RODILÂNDIA,3,"500,01 a 1.500 m²",500.01,1500.0,0.3216
AUSTIN,RODILÂNDIA,3,"1.500,01 a 5.000 m²",1500.01,5000.0,0.1928
AUSTIN,RODILÂNDIA,3,"5.000,01 a 20.000 m²",5000.01,20000.0,0.169
AUSTIN,RODILÂNDIA,3,"20.000,01 a 50.000 m²",20000.01,50000.0,0.118
AUSTIN,RODILÂNDIA,3,"50.000,01 a 100.000 m²",50000.01,100000.0,0.094
AUSTIN,RODILÂNDIA,3,"100.000,01 a 500.000 m²",100000.01,500000.0,0.076
AUSTIN,RODILÂNDIA,3,"500.000,01 a 1.000.000 m²",500000.01,1000000.0,0.068
AUSTIN,RODILÂNDIA,3,acima de  1.000.000 m²,1000000.0,,0.061
AUSTIN,RODILÂNDIA,4,até 500 m²,0.0,500.0,0.4683
AUSTIN,RODILÂNDIA,4,"500,01 a 1.500 m²",500.01,1500.0,0.2814
AUSTIN,RODILÂNDIA,4,"1.500,01 a 5.000 m²",1500.01,5000.0,0.1687
AUSTIN,RODILÂNDIA,4,"5.000,01 a 20.000 m²",5000.01,20000.0,0.169
AUSTIN,RODILÂNDIA,4,"20.000,01 a 50.000 m²",20000.01,50000.0,0.118
AUSTIN,RODILÂNDIA,4,"50.000,01 a 100.000 m²",50000.01,100000.0,0.094
AUSTIN,RODILÂNDIA,4,"100.000,01 a 500.000 m²",100000.01,500000.0,0.076
AUSTIN,RODILÂNDIA,4,"500.000,01 a 1.000.000 m²",500000.01,1000000.0,0.068
AUSTIN,RODILÂNDIA,4,acima de  1.000.000 m²,1000000.0,,0.061
AUSTIN,INCONFIDÊNCIA,1,até 500 m²,0.0,500.0,0.385
AUSTIN,INCONFIDÊNCIA,1,"500,01 a 1.500 m²",500.01,1500.0,0.231
AUSTIN,INCONFIDÊNCIA,1,"1.500,01 a 5.000 m²",1500.01,5000.0,0.139
AUSTIN,INCONFIDÊNCIA,1,"5.000,01 a 20.000 m²",5000.01,20000.0,0.097
AUSTIN,INCONFIDÊNCIA,1,"20.000,01 a 50.000 m²",20000.01,50000.0,0.068
AUSTIN,INCONFIDÊNCIA,1,"50.000,01 a 100.000 m²",50000.01,100000.0,0.054
AUSTIN,INCONFIDÊNCIA,1,"100.000,01 a 500.000 m²",100000.01,500000.0,0.043
AUSTIN,INCONFIDÊNCIA,1,"500.000,01 a 1.000.000 m²",500000.01,1000000.0,0.039
AUSTIN,INCONFIDÊNCIA,1,acima de  1.000.000 m²,1000000.0,,0.035
AUSTIN,INCONFIDÊNCIA,2,até 500 m²,0.0,500.0,0.308
AUSTIN,INCONFIDÊNCIA,2,"500,01 a 1.500 m²",500.01,1500.0,0.1848
AUSTIN,INCONFIDÊNCIA,2,"1.500,01 a 5.000 m²",1500.01,5000.0,0.1112
AUSTIN,INCONFIDÊNCIA,2,"5.000,01 a 20.000 m²",5000.01,20000.0,0.097
AUSTIN,INCONFIDÊNCIA,2,"20.000,01 a 50.000 m²",20000.01,50000.0,0.068
AUSTIN,INCONFIDÊNCIA,2,"50.000,01 a 100.000 m²",50000.01,100000.0,0.054
AUSTIN,INCONFIDÊNCIA,2,"100.000,01 a 500.000 m²",100000.01,500000.0,0.043
AUSTIN,INCONFIDÊNCIA,2,"500.000,01 a 1.000.000 m²",500000.01,1000000.0,0.039
AUSTIN,INCONFIDÊNCIA,2,acima de  1.000.000 m²,1000000.0,,0.035
AUSTIN,CARLOS SAMPAIO,1,até 500 m²,0.0,500.0,0.385
AUSTIN,CARLOS SAMPAIO,1,"500,01 a 1.500 m²",500.01,1500.0,0.231
AUSTIN,CARLOS SAMPAIO,1,"1.500,01 a 5.000 m²",1500.01,5000.0,0.139
AUSTIN,CARLOS SAMPAIO,1,"5.000,01 a 20.000 m²",5000.01,20000.0,0.11
AUSTIN,CARLOS SAMPAIO,1,"20.000,01 a 50.000 m²",20000.01,50000.0,0.068
AUSTIN,CARLOS SAMPAIO,1,"50.000,01 a 100.000 m²",50000.01,100000.0,0.054
AUSTIN,CARLOS SAMPAIO,1,"100.000,01 a 500.000 m²",100000.01,500000.0,0.043
AUSTIN,CARLOS SAMPAIO,1,"500.000,01 a 1.000.000 m²",500000.01,1000000.0,0.039
AUSTIN,CARLOS SAMPAIO,1,acima de  1.000.000 m²,1000000.0,,0.035
AUSTIN,CARLOS SAMPAIO,2,até 500 m²,0.0,500.0,0.308
AUSTIN,CARLOS SAMPAIO,2,"500,01 a 1.500 m²",500.01,1500.0,0.1848
AUSTIN,CARLOS SAMPAIO,2,"1.500,01 a 5.000 m²",1500.01,5000.0,0.1112
AUSTIN,CARLOS SAMPAIO,2,"5.000,01 a 20.000 m²",5000.01,20000.0,0.11
AUSTIN,CARLOS SAMPAIO,2,"20.000,01 a 50.000 m²",20000.01,50000.0,0.068
AUSTIN,CARLOS SAMPAIO,2,"50.000,01 a 100.000 m²",50000.01,100000.0,0.054
AUSTIN,CARLOS SAMPAIO,2,"100.000,01 a 500.000 m²",100000.01,500000.0,0.043
AUSTIN,CARLOS SAMPAIO,2,"500.000,01 a 1.000.000 m²",500000.01,1000000.0,0.039
AUSTIN,CARLOS SAMPAIO,2,acima de  1.000.000 m²,1000000.0,,0.035
AUSTIN,CARLOS SAMPAIO,3,até 500 m²,0.0,500.0,0.2695
AUSTIN,CARLOS SAMPAIO,3,"500,01 a 1.500 m²",500.01,1500.0,0.1617
AUSTIN,CARLOS SAMPAIO,3,"1.500,01 a 5.000 m²",1500.01,5000.0,0.0973
AUSTIN,CARLOS SAMPAIO,3,"5.000,01 a 20.000 m²",5000.01,20000.0,0.11
AUSTIN,CARLOS SAMPAIO,3,"20.000,01 a 50.000 m²",20000.01,50000.0,0.068
AUSTIN,CARLOS SAMPAIO,3,"50.000,01 a 100.000 m²",50000.01,100000.0,0.054
AUSTIN,CARLOS SAMPAIO,3,"100.000,01 a 500.000 m²",100000.01,500000.0,0.043
AUSTIN,CARLOS SAMPAIO,3,"500.000,01 a 1.000.000 m²",500000.01,1000000.0,0.039
AUSTIN,CARLOS SAMPAIO,3,acima de  1.000.000 m²,1000000.0,,0.035
AUSTIN,VILA GUIMARÃES,1,até 500 m²,0.0,500.0,0.435
AUSTIN,VILA GUIMARÃES,1,"500,01 a 1.500 m²",500.01,1500.0,0.261
AUSTIN,VILA GUIMARÃES,1,"1.500,01 a 5.000 m²",1500.01,5000.0,0.157
AUSTIN,VILA GUIMARÃES,1,"5.000,01 a 20.000 m²",5000.01,20000.0,0.11
AUSTIN,VILA GUIMARÃES,1,"20.000,01 a 50.000 m²",20000.01,50000.0,0.077
AUSTIN,VILA GUIMARÃES,1,"50.000,01 a 100.000 m²",50000.01,100000.0,0.061
AUSTIN,VILA GUIMARÃES,1,"100.000,01 a 500.000 m²",100000.01,500000.0,0.049
AUSTIN,VILA GUIMARÃES,1,"500.000,01 a 1.000.000 m²",500000.01,1000000.0,0.044
AUSTIN,VILA GUIMARÃES,1,acima de  1.000.000 m²,1000000.0,,0.04
AUSTIN,VILA GUIMARÃES,2,até 500 m²,0.0,500.0,0.348
AUSTIN,VILA GUIMARÃES,2,"500,01 a 1.500 m²",500.01,1500.0,0.2088
AUSTIN,VILA GUIMARÃES,2,"1.500,01 a 5.000 m²",1500.01,5000.0,0.1256
AUSTIN,VILA GUIMARÃES,2,"5.000,01 a 20.000 m²",5000.01,20000.0,0.11
AUSTIN,VILA GUIMARÃES,2,"20.000,01 a 50.000 m²",20000.01,50000.0,0.077
AUSTIN,VILA GUIMARÃES,2,"50.000,01 a 100.000 m²",50000.01,100000.0,0.061
AUSTIN,VILA GUIMARÃES,2,"100.000,01 a 500.000 m²",100000.01,500000.0,0.049
AUSTIN,VILA GUIMARÃES,2,"500.000,01 a 1.000.000 m²",500000.01,1000000.0,0.044
AUSTIN,VILA GUIMARÃES,2,acima de  1.000.000 m²,1000000.0,,0.04
AUSTIN,VILA GUIMARÃES,3,até 500 m²,0.0,500.0,0.3045
AUSTIN,VILA GUIMARÃES,3,"500,01 a 1.500 m²",500.01,1500.0,0.1827
AUSTIN,VILA GUIMARÃES,3,"1.500,01 a 5.000 m²",1500.01,5000.0,0.1099
AUSTIN,VILA GUIMARÃES,3,"5.000,01 a 20.000 m²",5000.01,20000.0,0.11
AUSTIN,VILA GUIMARÃES,3,"20.000,01 a 50.000 m²",20000.01,50000.0,0.077
AUSTIN,VILA GUIMARÃES,3,"50.000,01 a 100.000 m²",50000.01,100000.0,0.061
AUSTIN,VILA GUIMARÃES,3,"100.000,01 a 500.000 m²",100000.01,500000.0,0.049
AUSTIN,VILA GUIMARÃES,3,"500.000,01 a 1.000.000 m²",500000.01,1000000.0,0.044
AUSTIN,VILA GUIMARÃES,3,acima de  1.000.000 m²,1000000.0,,0.04
AUSTIN,TINGUAZINHO,1,até 500 m²,0.0,500.0,0.385
AUSTIN,TINGUAZINHO,1,"500,01 a 1.500 m²",500.01,1500.0,0.231
AUSTIN,TINGUAZINHO,1,"1.500,01 a 5.000 m²",1500.01,5000.0,0.139
AUSTIN,TINGUAZINHO,1,"5.000,01 a 20.000 m²",5000.01,20000.0,0.097
AUSTIN,TINGUAZINHO,1,"20.000,01 a 50.000 m²",20000.01,50000.0,0.068
AUSTIN,TINGUAZINHO,1,"50.000,01 a 100.000 m²",50000.01,100000.0,0.054
AUSTIN,TINGUAZINHO,1,"100.000,01 a 500.000 m²",100000.01,500000.0,0.043
AUSTIN,TINGUAZINHO,1,"500.000,01 a 1.000.000 m²",500000.01,1000000.0,0.039
AUSTIN,TINGUAZINHO,1,acima de  1.000.000 m²,1000000.0,,0.035
AUSTIN,TINGUAZINHO,2,até 500 m²,0.0,500.0,0.308
AUSTIN,TINGUAZINHO,2,"500,01 a 1.500 m²",500.01,1500.0,0.1848
AUSTIN,TINGUAZINHO,2,"1.500,01 a 5.000 m²",1500.01,5000.0,0.1112
AUSTIN,TINGUAZINHO,2,"5.000,01 a 20.000 m²",5000.01,20000.0,0.097
AUSTIN,TINGUAZINHO,2,"20.000,01 a 50.000 m²",20000.01,50000.0,0.068
AUSTIN,TINGUAZINHO,2,"50.000,01 a 100.000 m²",50000.01,100000.0,0.054
AUSTIN,TINGUAZINHO,2,"100.000,01 a 500.000 m²",100000.01,500000.0,0.043
AUSTIN,TINGUAZINHO,2,"500.000,01 a 1.000.000 m²",500000.01,1000000.0,0.039
AUSTIN,TINGUAZINHO,2,acima de  1.000.000 m²,1000000.0,,0.035
AUSTIN,TINGUAZINHO,3,até 500 m²,0.0,500.0,0.2695
AUSTIN,TINGUAZINHO,3,"500,01 a 1.500 m²",500.01,1500.0,0.1617
AUSTIN,TINGUAZINHO,3,"1.500,01 a 5.000 m²",1500.01,5000.0,0.0973
AUSTIN,TINGUAZINHO,3,"5.000,01 a 20.000 m²",5000.01,20000.0,0.097
AUSTIN,TINGUAZINHO,3,"20.000,01 a 50.000 m²",20000.01,50000.0,0.068
AUSTIN,TINGUAZINHO,3,"50.000,01 a 100.000 m²",50000.01,100000.0,0.054
AUSTIN,TINGUAZINHO,3,"100.000,01 a 500.000 m²",100000.01,500000.0,0.043
AUSTIN,TINGUAZINHO,3,"500.000,01 a 1.000.000 m²",500000.01,1000000.0,0.039
AUSTIN,TINGUAZINHO,3,acima de  1.000.000 m²,1000000.0,,0.035
VILA DE CAVA,VILA DE CAVA,1,até 500 m²,0.0,500.0,0.669
VILA DE CAVA,VILA DE CAVA,1,"500,01 a 1.500 m²",500.01,1500.0,0.402
VILA DE CAVA,VILA DE CAVA,1,"1.500,01 a 5.000 m²",1500.01,5000.0,0.241
VILA DE CAVA,VILA DE CAVA,1,"5.000,01 a 20.000 m²",5000.01,20000.0,0.169
VILA DE CAVA,VILA DE CAVA,1,"20.000,01 a 50.000 m²",20000.01,50000.0,0.118
VILA DE CAVA,VILA DE CAVA,1,"50.000,01 a 100.000 m²",50000.01,100000.0,0.094
VILA DE CAVA,VILA DE CAVA,1,"100.000,01 a 500.000 m²",100000.01,500000.0,0.076
VILA DE CAVA,VILA DE CAVA,1,"500.000,01 a 1.000.000 m²",500000.01,1000000.0,0.068
VILA DE CAVA,VILA DE CAVA,1,acima de  1.000.000 m²,1000000.0,,0.061
VILA DE CAVA,VILA DE CAVA,2,até 500 m²,0.0,500.0,0.6021
VILA DE CAVA,VILA DE CAVA,2,"500,01 a 1.500 m²",500.01,1500.0,0.3618
VILA DE CAVA,VILA DE CAVA,2,"1.500,01 a 5.000 m²",1500.01,5000.0,0.2169
VILA DE CAVA,VILA DE CAVA,2,"5.000,01 a 20.000 m²",5000.01,20000.0,0.169
VILA DE CAVA,VILA DE CAVA,2,"20.000,01 a 50.000 m²",20000.01,50000.0,0.118
VILA DE CAVA,VILA DE CAVA,2,"50.000,01 a 100.000 m²",50000.01,100000.0,0.094
VILA DE CAVA,VILA DE CAVA,2,"100.000,01 a 500.000 m²",100000.01,500000.0,0.076
VILA DE CAVA,VILA DE CAVA,2,"500.000,01 a 1.000.000 m²",500000.01,1000000.0,0.068
VILA DE CAVA,VILA DE CAVA,2,acima de  1.000.000 m²,1000000.0,,0.061
VILA DE CAVA,VILA DE CAVA,3,até 500 m²,0.0,500.0,0.5352
VILA DE CAVA,VILA DE CAVA,3,"500,01 a 1.500 m²",500.01,1500.0,0.3218
VILA DE CAVA,VILA DE CAVA,3,"1.500,01 a 5.000 m²",1500.01,5000.0,0.1928
VILA DE CAVA,VILA DE CAVA,3,"5.000,01 a 20.000 m²",5000.01,20000.0,0.169
VILA DE CAVA,VILA DE CAVA,3,"20.000,01 a 50.000 m²",20000.01,50000.0,0.118
VILA DE CAVA,VILA DE CAVA,3,"50.000,01 a 100.000 m²",50000.01,100000.0,0.094
VILA DE CAVA,VILA DE CAVA,3,"100.000,01 a 500.000 m²",100000.01,500000.0,0.076
VILA DE CAVA,VILA DE CAVA,3,"500.000,01 a 1.000.000 m²",500000.01,1000000.0,0.068
VILA DE CAVA,VILA DE CAVA,3,acima de  1.000.000 m²,1000000.0,,0.061
VILA DE CAVA,VILA DE CAVA,4,até 500 m²,0.0,500.0,0.4683
VILA DE CAVA,VILA DE CAVA,4,"500,01 a 1.500 m²",500.01,1500.0,0.2814
VILA DE CAVA,VILA DE CAVA,4,"1.500,01 a 5.000 m²",1500.01,5000.0,0.1687
VILA DE CAVA,VILA DE CAVA,4,"5.000,01 a 20.000 m²",5000.01,20000.0,0.169
VILA DE CAVA,VILA DE CAVA,4,"20.000,01 a 50.000 m²",20000.01,50000.0,0.118
VILA DE CAVA,VILA DE CAVA,4,"50.000,01 a 100.000 m²",50000.01,100000.0,0.094
VILA DE CAVA,VILA DE CAVA,4,"100.000,01 a 500.000 m²",100000.01,500000.0,0.076
VILA DE CAVA,VILA DE CAVA,4,"500.000,01 a 1.000.000 m²",500000.01,1000000.0,0.068
VILA DE CAVA,VILA DE CAVA,4,acima de  1.000.000 m²,1000000.0,,0.061
VILA DE CAVA,SANTA RITA,1,até 500 m²,0.0,500.0,0.669
VILA DE CAVA,SANTA RITA,1,"500,01 a 1.500 m²",500.01,1500.0,0.402
VILA DE CAVA,SANTA RITA,1,"1.500,01 a 5.000 m²",1500.01,5000.0,0.241
VILA DE CAVA,SANTA RITA,1,"5.000,01 a 20.000 m²",5000.01,20000.0,0.169
VILA DE CAVA,SANTA RITA,1,"20.000,01 a 50.000 m²",20000.01,50000.0,0.118
VILA DE CAVA,SANTA RITA,1,"50.000,01 a 100.000 m²",50000.01,100000.0,0.094
VILA DE CAVA,SANTA RITA,1,"100.000,01 a 500.000 m²",100000.01,500000.0,0.076
VILA DE CAVA,SANTA RITA,1,"500.000,01 a 1.000.000 m²",500000.01,1000000.0,0.068
VILA DE CAVA,SANTA RITA,1,acima de  1.000.000 m²,1000000.0,,0.061
VILA DE CAVA,SANTA RITA,2,até 500 m²,0.0,500.0,0.669
VILA DE CAVA,SANTA RITA,2,"500,01 a 1.500 m²",500.01,1500.0,0.402
VILA DE CAVA,SANTA RITA,2,"1.500,01 a 5.000 m²",1500.01,5000.0,0.241
VILA DE CAVA,SANTA RITA,2,"5.000,01 a 20.000 m²",5000.01,20000.0,0.169
VILA DE CAVA,SANTA RITA,2,"20.000,01 a 50.000 m²",20000.01,50000.0,0.118
VILA DE CAVA,SANTA RITA,2,"50.000,01 a 100.000 m²",50000.01,100000.0,0.094
VILA DE CAVA,SANTA RITA,2,"100.000,01 a 500.000 m²",100000.01,500000.0,0.076
VILA DE CAVA,SANTA RITA,2,"500.000,01 a 1.000.000 m²",500000.01,1000000.0,0.068
VILA DE CAVA,SANTA RITA,2,acima de  1.000.000 m²,1000000.0,,0.061
VILA DE CAVA,SANTA RITA,3,até 500 m²,0.0,500.0,0.4683
VILA DE CAVA,SANTA RITA,3,"500,01 a 1.500 m²",500.01,1500.0,0.2814
VILA DE CAVA,SANTA RITA,3,"1.500,01 a 5.000 m²",1500.01,5000.0,0.1687
VILA DE CAVA,SANTA RITA,3,"5.000,01 a 20.000 m²",5000.01,20000.0,0.169
VILA DE CAVA,SANTA RITA,3,"20.000,01 a 50.000 m²",20000.01,50000.0,0.118
VILA DE CAVA,SANTA RITA,3,"50.000,01 a 100.000 m²",50000.01,100000.0,0.094
VILA DE CAVA,SANTA RITA,3,"100.000,01 a 500.000 m²",100000.01,500000.0,0.076
VILA DE CAVA,SANTA RITA,3,"500.000,01 a 1.000.000 m²",500000.01,1000000.0,0.068
VILA DE CAVA,SANTA RITA,3,acima de  1.000.000 m²,1000000.0,,0.061
VILA DE CAVA,CORUMBA,1,até 500 m²,0.0,500.0,0.535
VILA DE CAVA,CORUMBA,1,"500,01 a 1.500 m²",500.01,1500.0,0.321
VILA DE CAVA,CORUMBA,1,"1.500,01 a 5.000 m²",1500.01,5000.0,0.193
VILA DE CAVA,CORUMBA,1,"5.000,01 a 20.000 m²",5000.01,20000.0,0.135
VILA DE CAVA,CORUMBA,1,"20.000,01 a 50.000 m²",20000.01,50000.0,0.094
VILA DE CAVA,CORUMBA,1,"50.000,01 a 100.000 m²",50000.01,100000.0,0.076
VILA DE CAVA,CORUMBA,1,"100.000,01 a 500.000 m²",100000.01,500000.0,0.06
VILA DE CAVA,CORUMBA,1,"500.000,01 a 1.000.000 m²",500000.01,1000000.0,0.054
VILA DE CAVA,CORUMBA,1,acima de  1.000.000 m²,1000000.0,,0.049
VILA DE CAVA,CORUMBA,2,até 500 m²,0.0,500.0,0.4815
VILA DE CAVA,CORUMBA,2,"500,01 a 1.500 m²",500.01,1500.0,0.2889
VILA DE CAVA,CORUMBA,2,"1.500,01 a 5.000 m²",1500.01,5000.0,0.1737
VILA DE CAVA,CORUMBA,2,"5.000,01 a 20.000 m²",5000.01,20000.0,0.135
VILA DE CAVA,CORUMBA,2,"20.000,01 a 50.000 m²",20000.01,50000.0,0.094
VILA DE CAVA,CORUMBA,2,"50.000,01 a 100.000 m²",50000.01,100000.0,0.076
VILA DE CAVA,CORUMBA,2,"100.000,01 a 500.000 m²",100000.01,500000.0,0.06
VILA DE CAVA,CORUMBA,2,"500.000,01 a 1.000.000 m²",500000.01,1000000.0,0.054
VILA DE CAVA,CORUMBA,2,acima de  1.000.000 m²,1000000.0,,0.049
VILA DE CAVA,CORUMBA,3,até 500 m²,0.0,500.0,0.3745
VILA DE CAVA,CORUMBA,3,"500,01 a 1.500 m²",500.01,1500.0,0.2247
VILA DE CAVA,CORUMBA,3,"1.500,01 a 5.000 m²",1500.01,5000.0,0.1351
VILA DE CAVA,CORUMBA,3,"5.000,01 a 20.000 m²",5000.01,20000.0,0.135
VILA DE CAVA,CORUMBA,3,"20.000,01 a 50.000 m²",20000.01,50000.0,0.094
VILA DE CAVA,CORUMBA,3,"50.000,01 a 100.000 m²",50000.01,100000.0,0.076
VILA DE CAVA,CORUMBA,3,"100.000,01 a 500.000 m²",100000.01,500000.0,0.06
VILA DE CAVA,CORUMBA,3,"500.000,01 a 1.000.000 m²",500000.01,1000000.0,0.054
VILA DE CAVA,CORUMBA,3,acima de  1.000.000 m²,1000000.0,,0.049
VILA DE CAVA,RANCHO FUNDO,1,até 500 m²,0.0,500.0,0.268
VILA DE CAVA,RANCHO FUNDO,1,"500,01 a 1.500 m²",500.01,1500.0,0.161
VILA DE CAVA,RANCHO FUNDO,1,"1.500,01 a 5.000 m²",1500.01,5000.0,0.096
VILA DE CAVA,RANCHO FUNDO,1,"5.000,01 a 20.000 m²",5000.01,20000.0,0.067
VILA DE CAVA,RANCHO FUNDO,1,"20.000,01 a 50.000 m²",20000.01,50000.0,0.047
VILA DE CAVA,RANCHO FUNDO,1,"50.000,01 a 100.000 m²",50000.01,100000.0,0.038
VILA DE CAVA,RANCHO FUNDO,1,"100.000,01 a 500.000 m²",100000.01,500000.0,0.03
VILA DE CAVA,RANCHO FUNDO,1,"500.000,01 a 1.000.000 m²",500000.01,1000000.0,0.027
VILA DE CAVA,RANCHO FUNDO,1,acima de  1.000.000 m²,1000000.0,,0.024
VILA DE CAVA,RANCHO FUNDO,2,até 500 m²,0.0,500.0,0.268
VILA DE CAVA,RANCHO FUNDO,2,"500,01 a 1.500 m²",500.01,1500.0,0.161
VILA DE CAVA,RANCHO FUNDO,2,"1.500,01 a 5.000 m²",1500.01,5000.0,0.096
VILA DE CAVA,RANCHO FUNDO,2,"5.000,01 a 20.000 m²",5000.01,20000.0,0.067
VILA DE CAVA,RANCHO FUNDO,2,"20.000,01 a 50.000 m²",20000.01,50000.0,0.047
VILA DE CAVA,RANCHO FUNDO,2,"50.000,01 a 100.000 m²",50000.01,100000.0,0.038
VILA DE CAVA,RANCHO FUNDO,2,"100.000,01 a 500.000 m²",100000.01,500000.0,0.03
VILA DE CAVA,RANCHO FUNDO,2,"500.000,01 a 1.000.000 m²",500000.01,1000000.0,0.027
VILA DE CAVA,RANCHO FUNDO,2,acima de  1.000.000 m²,1000000.0,,0.024
VILA DE CAVA,RANCHO FUNDO,3,até 500 m²,0.0,500.0,0.1878
VILA DE CAVA,RANCHO FUNDO,3,"500,01 a 1.500 m²",500.01,1500.0,0.1127
VILA DE CAVA,RANCHO FUNDO,3,"1.500,01 a 5.000 m²",1500.01,5000.0,0.0672
VILA DE CAVA,RANCHO FUNDO,3,"5.000,01 a 20.000 m²",5000.01,20000.0,0.067
VILA DE CAVA,RANCHO FUNDO,3,"20.000,01 a 50.000 m²",20000.01,50000.0,0.047
VILA DE CAVA,RANCHO FUNDO,3,"50.000,01 a 100.000 m²",50000.01,100000.0,0.038
VILA DE CAVA,RANCHO FUNDO,3,"100.000,01 a 500.000 m²",100000.01,500000.0,0.03
VILA DE CAVA,RANCHO FUNDO,3,"500.000,01 a 1.000.000 m²",500000.01,1000000.0,0.027
VILA DE CAVA,RANCHO FUNDO,3,acima de  1.000.000 m²,1000000.0,,0.024
VILA DE CAVA,FIGUEIRAS,1,até 500 m²,0.0,500.0,0.268
VILA DE CAVA,FIGUEIRAS,1,"500,01 a 1.500 m²",500.01,1500.0,0.161
VILA DE CAVA,FIGUEIRAS,1,"1.500,01 a 5.000 m²",1500.01,5000.0,0.096
VILA DE CAVA,FIGUEIRAS,1,"5.000,01 a 20.000 m²",5000.01,20000.0,0.067
VILA DE CAVA,FIGUEIRAS,1,"20.000,01 a 50.000 m²",20000.01,50000.0,0.047
VILA DE CAVA,FIGUEIRAS,1,"50.000,01 a 100.000 m²",50000.01,100000.0,0.038
VILA DE CAVA,FIGUEIRAS,1,"100.000,01 a 500.000 m²",100000.01,500000.0,0.03
VILA DE CAVA,FIGUEIRAS,1,"500.000,01 a 1.000.000 m²",500000.01,1000000.0,0.027
VILA DE CAVA,FIGUEIRAS,1,acima de  1.000.000 m²,1000000.0,,0.024
VILA DE CAVA,FIGUEIRAS,2,até 500 m²,0.0,500.0,0.1878
VILA DE CAVA,FIGUEIRAS,2,"500,01 a 1.500 m²",500.01,1500.0,0.1127
VILA DE CAVA,FIGUEIRAS,2,"1.500,01 a 5.000 m²",1500.01,5000.0,0.0672
VILA DE CAVA,FIGUEIRAS,2,"5.000,01 a 20.000 m²",5000.01,20000.0,0.067
VILA DE CAVA,FIGUEIRAS,2,"20.000,01 a 50.000 m²",20000.01,50000.0,0.047
VILA DE CAVA,FIGUEIRAS,2,"50.000,01 a 100.000 m²",50000.01,100000.0,0.038
VILA DE CAVA,FIGUEIRAS,2,"100.000,01 a 500.000 m²",100000.01,500000.0,0.03
VILA DE CAVA,FIGUEIRAS,2,"500.000,01 a 1.000.000 m²",500000.01,1000000.0,0.027
VILA DE CAVA,FIGUEIRAS,2,acima de  1.000.000 m²,1000000.0,,0.024
VILA DE CAVA,IGUAÇU VELHO,1,até 500 m²,0.0,500.0,0.2108
VILA DE CAVA,IGUAÇU VELHO,1,"500,01 a 1.500 m²",500.01,1500.0,0.1269
VILA DE CAVA,IGUAÇU VELHO,1,"1.500,01 a 5.000 m²",1500.01,5000.0,0.0756
VILA DE CAVA,IGUAÇU VELHO,1,"5.000,01 a 20.000 m²",5000.01,20000.0,0.059
VILA DE CAVA,IGUAÇU VELHO,1,"20.000,01 a 50.000 m²",20000.01,50000.0,0.041
VILA DE CAVA,IGUAÇU VELHO,1,"50.000,01 a 100.000 m²",50000.01,100000.0,0.033
VILA DE CAVA,IGUAÇU VELHO,1,"100.000,01 a 500.000 m²",100000.01,500000.0,0.026
VILA DE CAVA,IGUAÇU VELHO,1,"500.000,01 a 1.000.000 m²",500000.01,1000000.0,0.024
VILA DE CAVA,IGUAÇU VELHO,1,acima de  1.000.000 m²,1000000.0,,0.021
VILA DE CAVA,IGUAÇU VELHO,2,até 500 m²,0.0,500.0,0.1872
VILA DE CAVA,IGUAÇU VELHO,2,"500,01 a 1.500 m²",500.01,1500.0,0.1128
VILA DE CAVA,IGUAÇU VELHO,2,"1.500,01 a 5.000 m²",1500.01,5000.0,0.0672
VILA DE CAVA,IGUAÇU VELHO,2,"5.000,01 a 20.000 m²",5000.01,20000.0,0.059
VILA DE CAVA,IGUAÇU VELHO,2,"20.000,01 a 50.000 m²",20000.01,50000.0,0.041
VILA DE CAVA,IGUAÇU VELHO,2,"50.000,01 a 100.000 m²",50000.01,100000.0,0.033
VILA DE CAVA,IGUAÇU VELHO,2,"100.000,01 a 500.000 m²",100000.01,500000.0,0.026
VILA DE CAVA,IGUAÇU VELHO,2,"500.000,01 a 1.000.000 m²",500000.01,1000000.0,0.024
VILA DE CAVA,IGUAÇU VELHO,2,acima de  1.000.000 m²,1000000.0,,0.021
VILA DE CAVA,IGUAÇU VELHO,3,até 500 m²,0.0,500.0,0.1638
VILA DE CAVA,IGUAÇU VELHO,3,"500,01 a 1.500 m²",500.01,1500.0,0.0987
VILA DE CAVA,IGUAÇU VELHO,3,"1.500,01 a 5.000 m²",1500.01,5000.0,0.0588
VILA DE CAVA,IGUAÇU VELHO,3,"5.000,01 a 20.000 m²",5000.01,20000.0,0.059
VILA DE CAVA,IGUAÇU VELHO,3,"20.000,01 a 50.000 m²",20000.01,50000.0,0.041
VILA DE CAVA,IGUAÇU VELHO,3,"50.000,01 a 100.000 m²",50000.01,100000.0,0.033
VILA DE CAVA,IGUAÇU VELHO,3,"100.000,01 a 500.000 m²",100000.01,500000.0,0.026
VILA DE CAVA,IGUAÇU VELHO,3,"500.000,01 a 1.000.000 m²",500000.01,1000000.0,0.024
VILA DE CAVA,IGUAÇU VELHO,3,acima de  1.000.000 m²,1000000.0,,0.021
MIGUEL COUTO,MIGUEL COUTO,1,até 500 m²,0.0,500.0,0.837
MIGUEL COUTO,MIGUEL COUTO,1,"500,01 a 1.500 m²",500.01,1500.0,0.502
MIGUEL COUTO,MIGUEL COUTO,1,"1.500,01 a 5.000 m²",1500.01,5000.0,0.301
MIGUEL COUTO,MIGUEL COUTO,1,"5.000,01 a 20.000 m²",5000.01,20000.0,0.211
MIGUEL COUTO,MIGUEL COUTO,1,"20.000,01 a 50.000 m²",20000.01,50000.0,0.148
MIGUEL COUTO,MIGUEL COUTO,1,"50.000,01 a 100.000 m²",50000.01,100000.0,0.118
MIGUEL COUTO,MIGUEL COUTO,1,"100.000,01 a 500.000 m²",100000.01,500000.0,0.094
MIGUEL COUTO,MIGUEL COUTO,1,"500.000,01 a 1.000.000 m²",500000.01,1000000.0,0.085
MIGUEL COUTO,MIGUEL COUTO,1,acima de  1.000.000 m²,1000000.0,,0.077
MIGUEL COUTO,MIGUEL COUTO,2,até 500 m²,0.0,500.0,0.7115
MIGUEL COUTO,MIGUEL COUTO,2,"500,01 a 1.500 m²",500.01,1500.0,0.4287
MIGUEL COUTO,MIGUEL COUTO,2,"1.500,01 a 5.000 m²",1500.01,5000.0,0.2559
MIGUEL COUTO,MIGUEL COUTO,2,"5.000,01 a 20.000 m²",5000.01,20000.0,0.211
MIGUEL COUTO,MIGUEL COUTO,2,"20.000,01 a 50.000 m²",20000.01,50000.0,0.148
MIGUEL COUTO,MIGUEL COUTO,2,"50.000,01 a 100.000 m²",50000.01,100000.0,0.118
MIGUEL COUTO,MIGUEL COUTO,2,"100.000,01 a 500.000 m²",100000.01,500000.0,0.094
MIGUEL COUTO,MIGUEL COUTO,2,"500.000,01 a 1.000.000 m²",500000.01,1000000.0,0.085
MIGUEL COUTO,MIGUEL COUTO,2,acima de  1.000.000 m²,1000000.0,,0.077
MIGUEL COUTO,MIGUEL COUTO,3,até 500 m²,0.0,500.0,0.5859
MIGUEL COUTO,MIGUEL COUTO,3,"500,01 a 1.500 m²",500.01,1500.0,0.3514
MIGUEL COUTO,MIGUEL COUTO,3,"1.500,01 a 5.000 m²",1500.01,5000.0,0.2107
MIGUEL COUTO,MIGUEL COUTO,3,"5.000,01 a 20.000 m²",5000.01,20000.0,0.211
MIGUEL COUTO,MIGUEL COUTO,3,"20.000,01 a 50.000 m²",20000.01,50000.0,0.148
MIGUEL COUTO,MIGUEL COUTO,3,"50.000,01 a 100.000 m²",50000.01,100000.0,0.118
MIGUEL COUTO,MIGUEL COUTO,3,"100.000,01 a 500.000 m²",100000.01,500000.0,0.094
MIGUEL COUTO,MIGUEL COUTO,3,"500.000,01 a 1.000.000 m²",500000.01,1000000.0,0.085
MIGUEL COUTO,MIGUEL COUTO,3,acima de  1.000.000 m²,1000000.0,,0.077
MIGUEL COUTO,MIGUEL COUTO,4,até 500 m²,0.0,500.0,0.5859
MIGUEL COUTO,MIGUEL COUTO,4,"500,01 a 1.500 m²",500.01,1500.0,0.3514
MIGUEL COUTO,MIGUEL COUTO,4,"1.500,01 a 5.000 m²",1500.01,5000.0,0.2107
MIGUEL COUTO,MIGUEL COUTO,4,"5.000,01 a 20.000 m²",5000.01,20000.0,0.211
MIGUEL COUTO,MIGUEL COUTO,4,"20.000,01 a 50.000 m²",20000.01,50000.0,0.148
MIGUEL COUTO,MIGUEL COUTO,4,"50.000,01 a 100.000 m²",50000.01,100000.0,0.118
MIGUEL COUTO,MIGUEL COUTO,4,"100.000,01 a 500.000 m²",100000.01,500000.0,0.094
MIGUEL COUTO,MIGUEL COUTO,4,"500.000,01 a 1.000.000 m²",500000.01,1000000.0,0.085
MIGUEL COUTO,MIGUEL COUTO,4,acima de  1.000.000 m²,1000000.0,,0.077
MIGUEL COUTO,PARQUE AMBAÍ,1,até 500 m²,0.0,500.0,0.569
MIGUEL COUTO,PARQUE AMBAÍ,1,"500,01 a 1.500 m²",500.01,1500.0,0.341
MIGUEL COUTO,PARQUE AMBAÍ,1,"1.500,01 a 5.000 m²",1500.01,5000.0,0.205
MIGUEL COUTO,PARQUE AMBAÍ,1,"5.000,01 a 20.000 m²",5000.01,20000.0,0.123
MIGUEL COUTO,PARQUE AMBAÍ,1,"20.000,01 a 50.000 m²",20000.01,50000.0,0.086
MIGUEL COUTO,PARQUE AMBAÍ,1,"50.000,01 a 100.000 m²",50000.01,100000.0,0.069
MIGUEL COUTO,PARQUE AMBAÍ,1,"100.000,01 a 500.000 m²",100000.01,500000.0,0.055
MIGUEL COUTO,PARQUE AMBAÍ,1,"500.000,01 a 1.000.000 m²",500000.01,1000000.0,0.05
MIGUEL COUTO,PARQUE AMBAÍ,1,acima de  1.000.000 m²,1000000.0,,0.045
MIGUEL COUTO,PARQUE AMBAÍ,2,até 500 m²,0.0,500.0,0.3983
MIGUEL COUTO,PARQUE AMBAÍ,2,"500,01 a 1.500 m²",500.01,1500.0,0.2387
MIGUEL COUTO,PARQUE AMBAÍ,2,"1.500,01 a 5.000 m²",1500.01,5000.0,0.1435
MIGUEL COUTO,PARQUE AMBAÍ,2,"5.000,01 a 20.000 m²",5000.01,20000.0,0.123
MIGUEL COUTO,PARQUE AMBAÍ,2,"20.000,01 a 50.000 m²",20000.01,50000.0,0.086
MIGUEL COUTO,PARQUE AMBAÍ,2,"50.000,01 a 100.000 m²",50000.01,100000.0,0.069
MIGUEL COUTO,PARQUE AMBAÍ,2,"100.000,01 a 500.000 m²",100000.01,500000.0,0.055
MIGUEL COUTO,PARQUE AMBAÍ,2,"500.000,01 a 1.000.000 m²",500000.01,1000000.0,0.05
MIGUEL COUTO,PARQUE AMBAÍ,2,acima de  1.000.000 m²,1000000.0,,0.045
MIGUEL COUTO,GRAMA,1,até 500 m²,0.0,500.0,0.435
MIGUEL COUTO,GRAMA,1,"500,01 a 1.500 m²",500.01,1500.0,0.261
MIGUEL COUTO,GRAMA,1,"1.500,01 a 5.000 m²",1500.01,5000.0,0.157
MIGUEL COUTO,GRAMA,1,"5.000,01 a 20.000 m²",5000.01,20000.0,0.094
MIGUEL COUTO,GRAMA,1,"20.000,01 a 50.000 m²",20000.01,50000.0,0.086
MIGUEL COUTO,GRAMA,1,"50.000,01 a 100.000 m²",50000.01,100000.0,0.053
MIGUEL COUTO,GRAMA,1,"100.000,01 a 500.000 m²",100000.01,500000.0,0.042
MIGUEL COUTO,GRAMA,1,"500.000,01 a 1.000.000 m²",500000.01,1000000.0,0.038
MIGUEL COUTO,GRAMA,1,acima de  1.000.000 m²,1000000.0,,0.034
MIGUEL COUTO,GRAMA,2,até 500 m²,0.0,500.0,0.3915
MIGUEL COUTO,GRAMA,2,"500,01 a 1.500 m²",500.01,1500.0,0.2349
MIGUEL COUTO,GRAMA,2,"1.500,01 a 5.000 m²",1500.01,5000.0,0.1413
MIGUEL COUTO,GRAMA,2,"5.000,01 a 20.000 m²",5000.01,20000.0,0.094
MIGUEL COUTO,GRAMA,2,"20.000,01 a 50.000 m²",20000.01,50000.0,0.086
MIGUEL COUTO,GRAMA,2,"50.000,01 a 100.000 m²",50000.01,100000.0,0.053
MIGUEL COUTO,GRAMA,2,"100.000,01 a 500.000 m²",100000.01,500000.0,0.042
MIGUEL COUTO,GRAMA,2,"500.000,01 a 1.000.000 m²",500000.01,1000000.0,0.038
MIGUEL COUTO,GRAMA,2,acima de  1.000.000 m²,1000000.0,,0.034
MIGUEL COUTO,GRAMA,3,até 500 m²,0.0,500.0,0.3045
MIGUEL COUTO,GRAMA,3,"500,01 a 1.500 m²",500.01,1500.0,0.1827
MIGUEL COUTO,GRAMA,3,"1.500,01 a 5.000 m²",1500.01,5000.0,0.1099
MIGUEL COUTO,GRAMA,3,"5.000,01 a 20.000 m²",5000.01,20000.0,0.094
MIGUEL COUTO,GRAMA,3,"20.000,01 a 50.000 m²",20000.01,50000.0,0.086
MIGUEL COUTO,GRAMA,3,"50.000,01 a 100.000 m²",50000.01,100000.0,0.053
MIGUEL COUTO,GRAMA,3,"100.000,01 a 500.000 m²",100000.01,500000.0,0.042
MIGUEL COUTO,GRAMA,3,"500.000,01 a 1.000.000 m²",500000.01,1000000.0,0.038
MIGUEL COUTO,GRAMA,3,acima de  1.000.000 m²,1000000.0,,0.034
MIGUEL COUTO,BOA ESPERANÇA,1,até 500 m²,0.0,500.0,0.569
MIGUEL COUTO,BOA ESPERANÇA,1,"500,01 a 1.500 m²",500.01,1500.0,0.341
MIGUEL COUTO,BOA ESPERANÇA,1,"1.500,01 a 5.000 m²",1500.01,5000.0,0.205
MIGUEL COUTO,BOA ESPERANÇA,1,"5.000,01 a 20.000 m²",5000.01,20000.0,0.123
MIGUEL COUTO,BOA ESPERANÇA,1,"20.000,01 a 50.000 m²",20000.01,50000.0,0.086
MIGUEL COUTO,BOA ESPERANÇA,1,"50.000,01 a 100.000 m²",50000.01,100000.0,0.069
MIGUEL COUTO,BOA ESPERANÇA,1,"100.000,01 a 500.000 m²",100000.01,500000.0,0.055
MIGUEL COUTO,BOA ESPERANÇA,1,"500.000,01 a 1.000.000 m²",500000.01,1000000.0,0.05
MIGUEL COUTO,BOA ESPERANÇA,1,acima de  1.000.000 m²,1000000.0,,0.045
MIGUEL COUTO,BOA ESPERANÇA,2,até 500 m²,0.0,500.0,0.5121
MIGUEL COUTO,BOA ESPERANÇA,2,"500,01 a 1.500 m²",500.01,1500.0,0.3069
MIGUEL COUTO,BOA ESPERANÇA,2,"1.500,01 a 5.000 m²",1500.01,5000.0,0.1845
MIGUEL COUTO,BOA ESPERANÇA,2,"5.000,01 a 20.000 m²",5000.01,20000.0,0.123
MIGUEL COUTO,BOA ESPERANÇA,2,"20.000,01 a 50.000 m²",20000.01,50000.0,0.086
MIGUEL COUTO,BOA ESPERANÇA,2,"50.000,01 a 100.000 m²",50000.01,100000.0,0.069
MIGUEL COUTO,BOA ESPERANÇA,2,"100.000,01 a 500.000 m²",100000.01,500000.0,0.055
MIGUEL COUTO,BOA ESPERANÇA,2,"500.000,01 a 1.000.000 m²",500000.01,1000000.0,0.05
MIGUEL COUTO,BOA ESPERANÇA,2,acima de  1.000.000 m²,1000000.0,,0.045
MIGUEL COUTO,GENECIANO,1,até 500 m²,0.0,500.0,0.3045
MIGUEL COUTO,GENECIANO,1,"500,01 a 1.500 m²",500.01,1500.0,0.1809
MIGUEL COUTO,GENECIANO,1,"1.500,01 a 5.000 m²",1500.01,5000.0,0.108
MIGUEL COUTO,GENECIANO,1,"5.000,01 a 20.000 m²",5000.01,20000.0,0.123
MIGUEL COUTO,GENECIANO,1,"20.000,01 a 50.000 m²",20000.01,50000.0,0.051
MIGUEL COUTO,GENECIANO,1,"50.000,01 a 100.000 m²",50000.01,100000.0,0.04
MIGUEL COUTO,GENECIANO,1,"100.000,01 a 500.000 m²",100000.01,500000.0,0.032
MIGUEL COUTO,GENECIANO,1,"500.000,01 a 1.000.000 m²",500000.01,1000000.0,0.029
MIGUEL COUTO,GENECIANO,1,acima de  1.000.000 m²,1000000.0,,0.026
MIGUEL COUTO,GENECIANO,2,até 500 m²,0.0,500.0,0.268
MIGUEL COUTO,GENECIANO,2,"500,01 a 1.500 m²",500.01,1500.0,0.1608
MIGUEL COUTO,GENECIANO,2,"1.500,01 a 5.000 m²",1500.01,5000.0,0.096
MIGUEL COUTO,GENECIANO,2,"5.000,01 a 20.000 m²",5000.01,20000.0,0.072
MIGUEL COUTO,GENECIANO,2,"20.000,01 a 50.000 m²",20000.01,50000.0,0.051
MIGUEL COUTO,GENECIANO,2,"50.000,01 a 100.000 m²",50000.01,100000.0,0.04
MIGUEL COUTO,GENECIANO,2,"100.000,01 a 500.000 m²",100000.01,500000.0,0.032
MIGUEL COUTO,GENECIANO,2,"500.000,01 a 1.000.000 m²",500000.01,1000000.0,0.029
MIGUEL COUTO,GENECIANO,2,acima de  1.000.000 m²,1000000.0,,0.026
MIGUEL COUTO,GENECIANO,3,até 500 m²,0.0,500.0,0.2345
MIGUEL COUTO,GENECIANO,3,"500,01 a 1.500 m²",500.01,1500.0,0.1407
MIGUEL COUTO,GENECIANO,3,"1.500,01 a 5.000 m²",1500.01,5000.0,0.084
MIGUEL COUTO,GENECIANO,3,"5.000,01 a 20.000 m²",5000.01,20000.0,0.072
MIGUEL COUTO,GENECIANO,3,"20.000,01 a 50.000 m²",20000.01,50000.0,0.051
MIGUEL COUTO,GENECIANO,3,"50.000,01 a 100.000 m²",50000.01,100000.0,0.04
MIGUEL COUTO,GENECIANO,3,"100.000,01 a 500.000 m²",100000.01,500000.0,0.032
MIGUEL COUTO,GENECIANO,3,"500.000,01 a 1.000.000 m²",500000.01,1000000.0,0.029
MIGUEL COUTO,GENECIANO,3,acima de  1.000.000 m²,1000000.0,,0.026
TINGUÁ,TINGUÁ,1,até 500 m²,0.0,500.0,0.502
TINGUÁ,TINGUÁ,1,"500,01 a 1.500 m²",500.01,1500.0,0.301
TINGUÁ,TINGUÁ,1,"1.500,01 a 5.000 m²",1500.01,5000.0,0.181
TINGUÁ,TINGUÁ,1,"5.000,01 a 20.000 m²",5000.01,20000.0,0.127
TINGUÁ,TINGUÁ,1,"20.000,01 a 50.000 m²",20000.01,50000.0,0.089
TINGUÁ,TINGUÁ,1,"50.000,01 a 100.000 m²",50000.01,100000.0,0.071
TINGUÁ,TINGUÁ,1,"100.000,01 a 500.000 m²",100000.01,500000.0,0.057
TINGUÁ,TINGUÁ,1,"500.000,01 a 1.000.000 m²",500000.01,1000000.0,0.051
TINGUÁ,TINGUÁ,1,acima de  1.000.000 m²,1000000.0,,0.046
TINGUÁ,TINGUÁ,2,até 500 m²,0.0,500.0,0.4016
TINGUÁ,TINGUÁ,2,"500,01 a 1.500 m²",500.01,1500.0,0.2408
TINGUÁ,TINGUÁ,2,"1.500,01 a 5.000 m²",1500.01,5000.0,0.1448
TINGUÁ,TINGUÁ,2,"5.000,01 a 20.000 m²",5000.01,20000.0,0.1016
TINGUÁ,TINGUÁ,2,"20.000,01 a 50.000 m²",20000.01,50000.0,0.0712
TINGUÁ,TINGUÁ,2,"50.000,01 a 100.000 m²",50000.01,100000.0,0.0568
TINGUÁ,TINGUÁ,2,"100.000,01 a 500.000 m²",100000.01,500000.0,0.0458
TINGUÁ,TINGUÁ,2,"500.000,01 a 1.000.000 m²",500000.01,1000000.0,0.0408
TINGUÁ,TINGUÁ,2,acima de  1.000.000 m²,1000000.0,,0.0388
TINGUÁ,TINGUÁ,3,até 500 m²,0.0,500.0,0.3514
TINGUÁ,TINGUÁ,3,"500,01 a 1.500 m²",500.01,1500.0,0.2107
TINGUÁ,TINGUÁ,3,"1.500,01 a 5.000 m²",1500.01,5000.0,0.1267
TINGUÁ,TINGUÁ,3,"5.000,01 a 20.000 m²",5000.01,20000.0,0.0889
TINGUÁ,TINGUÁ,3,"20.000,01 a 50.000 m²",20000.01,50000.0,0.0623
TINGUÁ,TINGUÁ,3,"50.000,01 a 100.000 m²",50000.01,100000.0,0.0497
TINGUÁ,TINGUÁ,3,"100.000,01 a 500.000 m²",100000.01,500000.0,0.0399
TINGUÁ,TINGUÁ,3,"500.000,01 a 1.000.000 m²",500000.01,1000000.0,0.0357
TINGUÁ,TINGUÁ,3,acima de  1.000.000 m²,1000000.0,,0.0322
TINGUÁ,ADRIANÓPOLIS,1,até 500 m²,0.0,500.0,0.234
TINGUÁ,ADRIANÓPOLIS,1,"500,01 a 1.500 m²",500.01,1500.0,0.141
TINGUÁ,ADRIANÓPOLIS,1,"1.500,01 a 5.000 m²",1500.01,5000.0,0.084
TINGUÁ,ADRIANÓPOLIS,1,"5.000,01 a 20.000 m²",5000.01,20000.0,0.059
TINGUÁ,ADRIANÓPOLIS,1,"20.000,01 a 50.000 m²",20000.01,50000.0,0.041
TINGUÁ,ADRIANÓPOLIS,1,"50.000,01 a 100.000 m²",50000.01,100000.0,0.033
TINGUÁ,ADRIANÓPOLIS,1,"100.000,01 a 500.000 m²",100000.01,500000.0,0.026
TINGUÁ,ADRIANÓPOLIS,1,"500.000,01 a 1.000.000 m²",500000.01,1000000.0,0.024
TINGUÁ,ADRIANÓPOLIS,1,acima de  1.000.000 m²,1000000.0,,0.021
TINGUÁ,ADRIANÓPOLIS,2,até 500 m²,0.0,500.0,0.1872
TINGUÁ,ADRIANÓPOLIS,2,"500,01 a 1.500 m²",500.01,1500.0,0.1128
TINGUÁ,ADRIANÓPOLIS,2,"1.500,01 a 5.000 m²",1500.01,5000.0,0.0672
TINGUÁ,ADRIANÓPOLIS,2,"5.000,01 a 20.000 m²",5000.01,20000.0,0.0472
TINGUÁ,ADRIANÓPOLIS,2,"20.000,01 a 50.000 m²",20000.01,50000.0,0.0328
TINGUÁ,ADRIANÓPOLIS,2,"50.000,01 a 100.000 m²",50000.01,100000.0,0.0264
TINGUÁ,ADRIANÓPOLIS,2,"100.000,01 a 500.000 m²",100000.01,500000.0,0.0208
TINGUÁ,ADRIANÓPOLIS,2,"500.000,01 a 1.000.000 m²",500000.01,1000000.0,0.0192
TINGUÁ,ADRIANÓPOLIS,2,acima de  1.000.000 m²,1000000.0,,0.0168
TINGUÁ,ADRIANÓPOLIS,3,até 500 m²,0.0,500.0,0.1638
TINGUÁ,ADRIANÓPOLIS,3,"500,01 a 1.500 m²",500.01,1500.0,0.0987
TINGUÁ,ADRIANÓPOLIS,3,"1.500,01 a 5.000 m²",1500.01,5000.0,0.0588
TINGUÁ,ADRIANÓPOLIS,3,"5.000,01 a 20.000 m²",5000.01,20000.0,0.0413
TINGUÁ,ADRIANÓPOLIS,3,"20.000,01 a 50.000 m²",20000.01,50000.0,0.0287
TINGUÁ,ADRIANÓPOLIS,3,"50.000,01 a 100.000 m²",50000.01,100000.0,0.0231
TINGUÁ,ADRIANÓPOLIS,3,"100.000,01 a 500.000 m²",100000.01,500000.0,0.0182
TINGUÁ,ADRIANÓPOLIS,3,"500.000,01 a 1.000.000 m²",500000.01,1000000.0,0.0168
TINGUÁ,ADRIANÓPOLIS,3,acima de  1.000.000 m²,1000000.0,,0.0147
TINGUÁ,RIO D'OURO,1,até 500 m²,0.0,500.0,0.1608
TINGUÁ,RIO D'OURO,1,"500,01 a 1.500 m²",500.01,1500.0,0.096
TINGUÁ,RIO D'OURO,1,"1.500,01 a 5.000 m²",1500.01,5000.0,0.0576
TINGUÁ,RIO D'OURO,1,"5.000,01 a 20.000 m²",5000.01,20000.0,0.0472
TINGUÁ,RIO D'OURO,1,"20.000,01 a 50.000 m²",20000.01,50000.0,0.028
TINGUÁ,RIO D'OURO,1,"50.000,01 a 100.000 m²",50000.01,100000.0,0.0224
TINGUÁ,RIO D'OURO,1,"100.000,01 a 500.000 m²",100000.01,500000.0,0.0184
TINGUÁ,RIO D'OURO,1,"500.000,01 a 1.000.000 m²",500000.01,1000000.0,0.016
TINGUÁ,RIO D'OURO,1,acima de  1.000.000 m²,1000000.0,,0.0144
TINGUÁ,MONTEVIDEO,1,até 500 m²,0.0,500.0,0.234
TINGUÁ,MONTEVIDEO,1,"500,01 a 1.500 m²",500.01,1500.0,0.141
TINGUÁ,MONTEVIDEO,1,"1.500,01 a 5.000 m²",1500.01,5000.0,0.084
TINGUÁ,MONTEVIDEO,1,"5.000,01 a 20.000 m²",5000.01,20000.0,0.059
TINGUÁ,MONTEVIDEO,1,"20.000,01 a 50.000 m²",20000.01,50000.0,0.041
TINGUÁ,MONTEVIDEO,1,"50.000,01 a 100.000 m²",50000.01,100000.0,0.033
TINGUÁ,MONTEVIDEO,1,"100.000,01 a 500.000 m²",100000.01,500000.0,0.026
TINGUÁ,MONTEVIDEO,1,"500.000,01 a 1.000.000 m²",500000.01,1000000.0,0.024
TINGUÁ,MONTEVIDEO,1,acima de  1.000.000 m²,1000000.0,,0.021
TINGUÁ,MONTEVIDEO,2,até 500 m²,0.0,500.0,0.1638
TINGUÁ,MONTEVIDEO,2,"500,01 a 1.500 m²",500.01,1500.0,0.0987
TINGUÁ,MONTEVIDEO,2,"1.500,01 a 5.000 m²",1500.01,5000.0,0.0588
TINGUÁ,MONTEVIDEO,2,"5.000,01 a 20.000 m²",5000.01,20000.0,0.0413
TINGUÁ,MONTEVIDEO,2,"20.000,01 a 50.000 m²",20000.01,50000.0,0.0287
TINGUÁ,MONTEVIDEO,2,"50.000,01 a 100.000 m²",50000.01,100000.0,0.0231
TINGUÁ,MONTEVIDEO,2,"100.000,01 a 500.000 m²",100000.01,500000.0,0.0182
TINGUÁ,MONTEVIDEO,2,"500.000,01 a 1.000.000 m²",500000.01,1000000.0,0.0168
TINGUÁ,MONTEVIDEO,2,acima de  1.000.000 m²,1000000.0,,0.0147
TINGUÁ,JACERUBA,1,até 500 m²,0.0,500.0,0.1608
TINGUÁ,JACERUBA,1,"500,01 a 1.500 m²",500.01,1500.0,0.096
TINGUÁ,JACERUBA,1,"1.500,01 a 5.000 m²",1500.01,5000.0,0.0576
TINGUÁ,JACERUBA,1,"5.000,01 a 20.000 m²",5000.01,20000.0,0.0406
TINGUÁ,JACERUBA,1,"20.000,01 a 50.000 m²",20000.01,50000.0,0.028
TINGUÁ,JACERUBA,1,"50.000,01 a 100.000 m²",50000.01,100000.0,0.0224
TINGUÁ,JACERUBA,1,"100.000,01 a 500.000 m²",100000.01,500000.0,0.0184
TINGUÁ,JACERUBA,1,"500.000,01 a 1.000.000 m²",500000.01,1000000.0,0.016
TINGUÁ,JACERUBA,1,acima de  1.000.000 m²,1000000.0,,0.0144
